index,aesthetics,memory,quality,anomaly
0,0.440169887,,0.588338467,0.759273695
1,0.304926108,,0.598091697,0.766982046
2,0.502238029,,0.376374977,0.880548474
3,0.306402637,,0.673486293,0.901153129
4,0.20460554,,0.6118288,0.571803851
5,0.245059163,,0.633627793,0.500678889
6,0.245437618,,0.748742012,0.580342462
7,0.380754991,,0.629472714,0.506210522
8,0.356820779,,0.661207937,0.661372239
9,0.414350137,,0.652528232,0.551678116
10,0.425824704,,0.737806474,0.489750697
11,0.423665418,,0.701657143,0.361953932
12,0.452514094,,0.553634032,0.27306822
13,0.460536553,,0.588281001,0.573181631
14,0.506445213,,0.781307806,0.590939402
15,0.43823944,,0.774947329,0.559085599
16,0.277215143,,0.681131969,0.449349346
17,0.450934572,,0.647043331,0.434443396
18,0.308275653,,0.755938879,0.365181349
19,0.43846946,,0.791984738,0.5845507
20,0.338615082,,0.65151191,0.473526119
21,0.204068993,,0.751396461,0.302039647
22,0.270561105,,0.62662649,0.208098586
23,0.262105067,,0.617809579,0.313776226
24,0.360073173,,0.697643253,0.35340298
25,0.454629173,,0.601575416,0.357827486
26,0.526956833,,0.708416019,0.368884877
27,0.510932327,,0.498829455,0.354412569
28,0.291538083,,0.585322988,0.332325532
29,0.32036891,,0.494953301,0.289869256
30,0.482581297,,0.519907752,0.383189346
31,0.526775861,,0.589603547,0.380503833
32,0.593394418,,0.593463826,0.286602348
33,0.392426497,,0.634588025,0.040515825
34,0.463834435,,0.558405788,0.176533566
35,0.441250855,,0.71310358,0.414245828
36,0.418372883,,0.757175452,0.547850921
37,0.458762821,,0.782664416,0.291415982
38,0.349641961,,0.683620135,0.285124818
39,0.449095561,,0.748173193,0.241899563
40,0.450203806,,0.839706742,0.302005518
41,0.549814474,,0.611393689,0.444482688
42,0.196338474,,0.669276704,0.566201577
43,0.222414798,,0.68208686,0.472679262
44,0.516499044,,0.587120852,0.667384665
45,0.5819555,,0.690939372,0.549585147
46,0.319203835,,0.566696665,0.524288226
47,0.258498665,,0.500711964,0.483300629
48,0.449775184,,0.651793275,0.470762898
49,0.58999832,,0.568463915,0.311226891
50,0.44178752,,0.62731683,0.518039702
51,0.508655288,,0.725029633,0.500854899
52,0.697473388,,0.954941189,0.499344346
53,0.704410018,,0.688275997,0.489196367
54,0.739058107,,0.624478687,0.321622032
55,0.742519156,,0.518314566,0.255696684
56,0.547898847,,0.736761846,0.188264357
57,0.634279353,,0.72316319,0.075546744
58,0.614215373,,0.760278786,0.059069301
59,0.400134086,,0.537980796,0.432983824
60,0.292016563,,0.732459416,0.397235163
61,0.390298185,,0.659034738,0.560645773
62,0.458950034,,0.65483581,0.467728769
63,0.397607497,,0.579312332,0.472767523
64,0.343587594,,0.751970304,0.699606148
65,0.45982162,,0.787426446,0.420837945
66,0.411924644,,0.800018041,0.344480177
67,0.491137255,,0.664750912,0.234762563
68,0.322969081,,0.783348162,0.198692862
69,0.368306932,,0.673950358,0.237233341
70,0.433756142,,0.572016353,0.361213805
71,0.538188032,,0.60941017,0.29320153
72,0.542707782,,0.731449649,0.236075744
73,0.590500808,,0.704080997,0.348623646
74,0.597003608,,0.757954919,0.169339882
75,0.560535647,,0.718818942,0.220672574
76,0.570374489,,0.803153651,0.197697402
77,0.553171855,,0.760664459,0.211195527
78,0.510333408,,0.683656064,0.112181668
79,0.423583905,,0.703110056,0.214283787
80,0.463774284,,0.716880481,0.240596
81,0.582313818,,0.561721768,0.217398857
82,0.749725982,,0.601313062,0.166968003
83,0.606604103,,0.592006051,0.129390472
84,0.564282525,,0.658068305,0.057807953
85,0.54324439,,0.697811115,0.050831217
86,0.568942737,,0.564105626,0.038204801
87,0.568627852,,0.558498936,0.075520785
88,0.524124752,,0.718551452,0.175492826
89,0.53027312,,0.637122442,0.167103755
90,0.560852209,,0.749710686,0.367091244
91,0.65158776,,0.726908887,0.36344108
92,0.554040711,,0.698798597,0.112687654
93,0.62673496,,0.780195985,0.0758997
94,0.726583687,,0.709941094,0.156121006
95,0.636575435,,0.723292701,0.105752623
96,0.639610675,,0.729243569,0.127866641
97,0.703446693,,0.680998928,0.168660014
98,0.605868005,,0.774782911,0.180133854
99,0.580443555,,0.783667922,0.082545438
100,0.656493692,,0.837332089,0.114566824
101,0.469230007,,0.776708894,0.210519829
102,0.39243121,,0.755015247,0.342049486
103,0.366809917,,0.783132156,0.341970758
104,0.418849023,,0.584572205,0.463493551
105,0.470003812,,0.834486074,0.510663795
106,0.513292739,,0.758052027,0.438034493
107,0.537906823,,0.785592234,0.279499308
108,0.66861788,,0.716601738,0.237489356
109,0.465598043,,0.534206237,0.41858769
110,0.2881177,,0.544703226,0.576775111
111,0.385462715,,0.518236357,0.463519254
112,0.382432677,,0.55544065,0.401827082
113,0.479956445,,0.408719112,0.338855859
114,0.336173949,,0.33146837,0.223702618
115,0.527946203,,0.571851618,0.35702344
116,0.534596678,,0.715590666,0.456323783
117,0.556676804,,0.698148378,0.523551333
118,0.492977375,,0.548261791,0.248246901
119,0.537038358,,0.546286386,0.15145904
120,0.462791734,,0.568243235,0.097109156
121,0.506223907,,0.558063942,0.235501669
122,0.36571752,,0.586306811,0.280510514
123,0.565625115,,0.61931791,0.193938125
124,0.491119105,,0.55124586,0.363839741
125,0.497866172,,0.560963904,0.357729778
126,0.349002202,,0.580367189,0.37380805
127,0.472449065,,0.468086787,0.398175131
128,0.582825791,,0.806909385,0.224758763
129,0.544672302,,0.690148877,0.422547234
130,0.260356537,,0.598288696,0.505300513
131,0.350559091,,0.588084357,0.424086299
132,0.381336885,,0.506834963,0.24352374
133,0.161834356,,0.653301144,0.18157683
134,0.235937627,,0.765147413,0.148388568
135,0.274630753,,0.6796192,0.243815161
136,0.32934037,,0.394151126,0.23582007
137,0.3920125,,0.340472365,0.399172719
138,0.342323257,,0.471251632,0.218581818
139,0.351023418,,0.588539351,0.15692752
140,0.379606617,,0.721583911,0.190056033
141,0.327768891,,0.564391016,0.188646166
142,0.275718231,,0.471318932,0.288424919
143,0.345058194,,0.600912536,0.266591003
144,0.312245401,,0.659391744,0.196939571
145,0.417408321,,0.574372466,0.278041098
146,0.456734856,,0.674058767,0.243855078
147,0.398100679,,0.551215305,0.304407356
148,0.347951079,,0.630499306,0.394062983
149,0.226531325,,0.665263684,0.219199895
150,0.275549393,,0.497355241,0.151648583
151,0.151689406,,0.54507444,0.247697423
152,0.240286678,,0.582238129,0.303642887
153,0.261532071,,0.435839394,0.301927641
154,0.401025172,,0.513691021,0.394016853
155,0.34670265,,0.760663744,0.43976957
156,0.328981965,,0.679486406,0.500167371
157,0.316463674,,0.640687755,0.467902141
158,0.41398028,,0.701757335,0.339604071
159,0.344604521,,0.692671209,0.458276064
160,0.25939431,,0.613575878,0.525081547
161,0.23829155,,0.586485813,0.379724384
162,0.252021055,,0.533787778,0.28911798
163,0.192197119,,0.541701838,0.273685617
164,0.337563931,,0.670944579,0.242462403
165,0.373729614,,0.609773533,0.3723998
166,0.247085013,,0.487204015,0.307970621
167,0.335018837,,0.538430889,0.492625753
168,0.300901157,,0.529019172,0.332099987
169,0.333167328,,0.64139162,0.245389973
170,0.360624256,,0.457020172,0.368264927
171,0.37519777,,0.672551129,0.369436483
172,0.259730346,,0.800676302,0.254373716
173,0.28066399,,0.731128046,0.327380571
174,0.248245263,,0.730567599,0.265783383
175,0.2693472,,0.555940912,0.354285583
176,0.299188469,,0.628921365,0.424259075
177,0.35939662,,0.500886915,0.320757388
178,0.35680012,,0.549107569,0.250329061
179,0.465163571,,0.654516657,0.346723283
180,0.234497318,,0.511305089,0.323846839
181,0.302544735,,0.650377608,0.285312488
182,0.349521514,,0.629070726,0.227082894
183,0.346952147,,0.695433019,0.250350935
184,0.369333403,,0.704779279,0.228006777
185,0.313373699,,0.649174545,0.309289419
186,0.214889832,,0.667602671,0.293384179
187,0.24710064,,0.583451354,0.268791808
188,0.456706067,,0.697766508,0.373979038
189,0.544439271,,0.532583534,0.548820167
190,0.588908694,,0.600207709,0.573400452
191,0.177027466,,0.67706489,0.740412968
192,0.310039329,,0.868448483,0.661138694
193,0.368696235,,0.164639901,0.854877574
194,0.502396852,,0.465808392,0.867827583
195,0.463339744,,0.573591768,0.688048132
196,0.379247878,,0.587608636,0.71733413
197,0.400419834,,0.731425463,0.557000545
198,0.481334972,,0.399825229,0.644128625
199,0.331409496,,0.609830198,0.579504117
200,0.393803701,,0.496014757,0.673461264
201,0.441551815,,0.605875514,0.605754964
202,0.305858785,,0.748898174,0.578111612
203,0.270026405,,0.580245105,0.710608473
204,0.300470616,,0.477868664,0.736273415
205,0.242272602,,0.782946907,0.798468084
206,0.349814225,,0.73257753,0.541608866
207,0.245940113,,0.857165072,0.515271034
208,0.433481239,,0.897412086,0.554202514
209,0.561626776,,0.90029411,0.539528407
210,0.519147244,,0.626409657,0.395192664
211,0.616163624,,0.699740602,0.287546231
212,0.339425819,,0.815557934,0.395108234
213,0.474685151,,0.799154382,0.554360906
214,0.408009154,,0.826174439,0.547067813
215,0.289359375,,0.77079382,0.54956872
216,0.575352533,,0.689389035,0.726877649
217,0.479060131,,0.89735785,0.533193496
218,0.41094194,,0.776127871,0.538230632
219,0.363060852,,0.786150097,0.455313599
220,0.264419424,,0.931477806,0.41528478
221,0.236420251,,0.896394092,0.34013891
222,0.328352696,,0.77649161,0.428280835
223,0.331793233,,0.827945872,0.605511376
224,0.363167057,,0.816279639,0.522378501
225,0.364496284,,0.874434148,0.356951521
226,0.479363788,,0.850187634,0.373267934
227,0.434844248,,0.731724523,0.45480957
228,0.355634845,,0.710536222,0.473472584
229,0.248140588,,0.788527243,0.38894397
230,0.104300938,,0.625648052,0.372817951
231,0.32663819,,0.533246865,0.432036792
232,0.262620692,,0.663289913,0.415379083
233,0.513884942,,0.529094857,0.37034913
234,0.233696357,,0.57439574,0.320590144
235,0.314621061,,0.597677091,0.363465762
236,0.356721532,,0.583562664,0.358234743
237,0.421679281,,0.576662005,0.192956027
238,0.466184869,,0.617658939,0.206052343
239,0.375939217,,0.646068649,0.117817306
240,0.211228579,,0.866535206,0.347706913
241,0.189150878,,0.622229451,0.465248799
242,0.396601496,,0.641549176,0.707877765
243,0.292769954,,0.722018375,0.388012343
244,0.335372716,,0.806084672,0.29791269
245,0.233382703,,0.841984331,0.328672133
246,0.362786037,,0.687568204,0.49706643
247,0.326553419,,0.723579931,0.398621028
248,0.296249636,,0.795933075,0.251536704
249,0.32379905,,0.796299474,0.13436786
250,0.440932155,,0.780489686,0.141949651
251,0.389743055,,0.791779166,0.223093818
252,0.430685175,,0.72997154,0.371942667
253,0.367657734,,0.706910585,0.34347995
254,0.428886484,,0.721148203,0.581204468
255,0.156124005,,0.653084434,0.569853187
256,0.158907705,,0.694067316,0.640863845
257,0.165919202,,0.472097464,0.457445719
258,0.252507066,,0.661858614,0.362978926
259,0.39255231,,0.681746406,0.401962409
260,0.348001209,,0.71149607,0.422293347
261,0.280103556,,0.70180263,0.302765135
262,0.348331794,,0.718189121,0.263348777
263,0.264242026,,0.716149657,0.374607925
264,0.393522167,,0.56494221,0.559852792
265,0.255472858,,0.757861794,0.637418118
266,0.260581049,,0.495894538,0.541835687
267,0.507731456,,0.637321875,0.463151404
268,0.205511523,,0.581181405,0.558809243
269,0.204071263,,0.658516934,0.485789111
270,0.172110586,,0.557376043,0.404116488
271,0.361544829,,0.56366966,0.334018649
272,0.123655074,,0.552870369,0.380886067
273,0.30060053,,0.544473728,0.427485981
274,0.434691198,,0.644288685,0.570950441
275,0.431390144,,0.636373938,0.649453352
276,0.388723209,,0.559472715,0.584984427
277,0.522053885,,0.549829215,0.371322803
278,0.539216357,,0.684016575,0.522589832
279,0.516398711,,0.776914878,0.363617686
280,0.553416695,,0.809296481,0.397258228
281,0.510901355,,0.764925496,0.338108242
282,0.37865519,,0.737890879,0.291111965
283,0.464025614,,0.687207144,0.349915208
284,0.62999677,,0.739871356,0.22996893
285,0.726107482,,0.653781189,0.269350989
286,0.550603642,,0.795344435,0.316866699
287,0.532382225,,0.649810009,0.369236812
288,0.479924282,,0.502309917,0.366639133
289,0.640517885,,0.513632469,0.432819219
290,0.486685128,,0.782053781,0.407726991
291,0.363909996,,0.553136248,0.466133019
292,0.459885775,,0.486520447,0.552454926
293,0.39348735,,0.644189696,0.487075226
294,0.289164301,,0.730910571,0.490483334
295,0.305566671,,0.538898017,0.558778433
296,0.33663017,,0.531223006,0.485377513
297,0.377367287,,0.498835446,0.466764374
298,0.439669395,,0.468503279,0.548963835
299,0.447980186,,0.552309664,0.368170879
300,0.385662787,,0.656601706,0.35792681
301,0.286117195,,0.707462853,0.269369713
302,0.220486772,,0.66271278,0.342974985
303,0.405836941,,0.72003675,0.481736456
304,0.282977373,,0.718150511,0.529321276
305,0.385455799,,0.703596888,0.3715852
306,0.288631495,,0.607120013,0.497187543
307,0.338687653,,0.79913221,0.469108337
308,0.419844442,,0.614465398,0.465953945
309,0.613051699,,0.435394384,0.651865914
310,0.322801567,,0.438584507,0.598624433
311,0.22673543,,0.113442357,0.679032813
312,0.396022073,,0.379455096,0.603369127
313,0.401368922,,0.442176634,0.574717973
314,0.522222085,,0.554242837,0.499403413
315,0.352816855,,0.355988422,0.472567086
316,0.371122765,,0.362798783,0.38031029
317,0.55359289,,0.533952372,0.411467287
318,0.518476495,,0.436955382,0.386174537
319,0.54487978,,0.474863089,0.293693132
320,0.587967782,,0.541059087,0.163376821
321,0.689635022,,0.744361193,0.132460263
322,0.682375893,,0.644984212,0.117029687
323,0.496393876,,0.68764469,0.139554196
324,0.506592269,,0.610232987,0.167356195
325,0.535790634,,0.624109581,0.14513698
326,0.446446079,,0.578771348,0.242456701
327,0.523982334,,0.584311125,0.361129715
328,0.491494494,,0.53278934,0.452132908
329,0.430799212,,0.329560329,0.39510534
330,0.474938806,,0.185745528,0.305085522
331,0.536365358,,0.547260444,0.360995835
332,0.519208595,,0.579223978,0.404613367
333,0.395857793,,0.467511385,0.557123105
334,0.409514574,,0.386263855,0.562797554
335,0.254524351,,0.689271685,0.376331767
336,0.216429859,,0.469676082,0.451505809
337,0.173288461,,0.509739185,0.405451202
338,0.338212578,,0.269041883,0.400534839
339,0.364949671,,0.76863528,0.465392637
340,0.401186272,,0.644737214,0.460631942
341,0.258530858,,0.78070697,0.449944273
342,0.416185531,,0.62109458,0.485454198
343,0.188962926,,0.586349123,0.517903183
344,0.239054552,,0.677258328,0.486614093
345,0.37056294,,0.524070203,0.608986892
346,0.188173903,,0.708139237,0.551379461
347,0.103048643,,0.540024279,0.533330014
348,0.13732952,,0.400561728,0.435041132
349,0.17450471,,0.536925165,0.450859559
350,0.130479378,,0.582880654,0.301089636
351,0.046362974,,0.633159289,0.20879037
352,0.160240811,,0.576305451,0.440548933
353,0.330900224,,0.467430532,0.445096595
354,0.282388553,,0.491453236,0.407686392
355,0.37582329,,0.448182497,0.142157407
356,0.412352887,,0.33506356,0.376121032
357,0.396477502,,0.39209726,0.356251481
358,0.430440229,,0.481382943,0.392246455
359,0.41353063,,0.559561165,0.566845273
360,0.37745896,,0.616675482,0.437032053
361,0.502657706,,0.473655205,0.373063582
362,0.494136424,,0.421293799,0.279247889
363,0.559742523,,0.424722713,0.248979368
364,0.497362247,,0.479901207,0.370468627
365,0.353041846,,0.546207667,0.413206024
366,0.536509015,,0.393034762,0.629869265
367,0.433314423,,0.518464689,0.402447968
368,0.442348156,,0.421798253,0.337407436
369,0.611403625,,0.4093711,0.434166274
370,0.533394126,,0.379676486,0.293430564
371,0.423752088,,0.391600174,0.474938199
372,0.287784723,,0.44751527,0.520976719
373,0.501898311,,0.398898233,0.813103805
374,0.311703207,,0.331221788,0.598308245
375,0.515980602,,0.485471931,0.555261042
376,0.385585712,,0.477580571,0.42794022
377,0.284158552,,0.415398484,0.433498321
378,0.18491726,,0.493144083,0.507146575
379,0.413110331,,0.504973571,0.489744398
380,0.592416668,,0.496890779,0.484157444
381,0.477807205,,0.499679086,0.251780207
382,0.597366638,,0.483545072,0.234655323
383,0.505046049,,0.541648149,0.380774571
384,0.44502429,,0.595831133,0.544299316
385,0.51510541,,0.483969812,0.602690365
386,0.573128606,,0.466799362,0.429406771
387,0.576431985,,0.531894414,0.38210554
388,0.477905273,,0.479772249,0.368962924
389,0.642647516,,0.613478749,0.073887501
390,0.688582987,,0.41783567,0.123083051
391,0.633464628,,0.434855996,0.123132586
392,0.520063179,,0.570166783,0.15174212
393,0.415769332,,0.553682927,0.266656368
394,0.608315008,,0.550241569,0.294666975
395,0.444162528,,0.511959392,0.253893348
396,0.434080318,,0.628178675,0.231610044
397,0.438667573,,0.508547192,0.10212212
398,0.525198106,,0.549060624,0.100975502
399,0.403106467,,0.427401053,0.102811521
400,0.390226205,,0.465490717,0.285446708
401,0.38442281,,0.567743978,0.401597537
402,0.436097737,,0.487886671,0.152397817
403,0.478951122,,0.466556671,0.121492153
404,0.412455296,,0.533822519,0.136420742
405,0.428784685,,0.502272172,0.089397485
406,0.471920489,,0.529949306,0.238524904
407,0.516980649,,0.623170279,0.351832848
408,0.481058643,,0.629957677,0.272935787
409,0.45263744,,0.752533906,0.30230945
410,0.42946084,,0.590390623,0.549355602
411,0.351712896,,0.413574187,0.501136703
412,0.226294031,,0.636010678,0.535393195
413,0.244036028,,0.60008836,0.333295629
414,0.343832965,,0.704156672,0.39862222
415,0.306962559,,0.686099762,0.45028259
416,0.326735958,,0.831405206,0.402889355
417,0.308948754,,0.816347976,0.325216278
418,0.386707249,,0.717035103,0.310832571
419,0.441849067,,0.770883173,0.299116759
420,0.500533156,,0.710493295,0.598176237
421,0.444079292,,0.826924093,0.579260613
422,0.295892679,,0.722587288,0.54267267
423,0.366776873,,0.688649693,0.31222482
424,0.309146528,,0.764306202,0.445823189
425,0.515737983,,0.632062007,0.456420385
426,0.344351929,,0.732106407,0.370022559
427,0.348266829,,0.706215925,0.164659872
428,0.297095867,,0.635630459,0.241784152
429,0.295447528,,0.790529819,0.187988512
430,0.310917048,,0.801247069,0.19287066
431,0.509605308,,0.830368458,0.271837683
432,0.370087198,,0.757439461,0.27432293
433,0.390447327,,0.61530541,0.265247608
434,0.305199515,,0.514122876,0.376910353
435,0.395096556,,0.634767076,0.276220314
436,0.358975676,,0.557551966,0.223633593
437,0.319889917,,0.542430035,0.174229861
438,0.427912261,,0.647921784,0.162525794
439,0.280622589,,0.546917434,0.191061026
440,0.357576137,,0.621871242,0.294276995
441,0.457549584,,0.632525857,0.306474707
442,0.249909459,,0.587566716,0.135494136
443,0.361635023,,0.762901201,0.286773166
444,0.38273776,,0.712693805,0.345600581
445,0.299007928,,0.732597165,0.31487365
446,0.521975154,,0.600331196,0.351849871
447,0.518645167,,0.625318646,0.27491607
448,0.330692767,,0.512910226,0.282737449
449,0.421619399,,0.574614706,0.26847945
450,0.431345436,,0.689116262,0.232071517
451,0.439243454,,0.711413345,0.123333193
452,0.414812407,,0.601563874,0.297839665
453,0.378881401,,0.807774149,0.36318898
454,0.36508849,,0.705288383,0.33851635
455,0.336934985,,0.645905953,0.099255234
456,0.32084616,,0.529303267,0.084807778
457,0.367800266,,0.608001742,0.217189654
458,0.391781221,,0.433601265,0.48394041
459,0.527814858,,0.713370517,0.473043538
460,0.590129207,,0.474612358,0.566335882
461,0.609652427,,0.512579241,0.452431308
462,0.619373868,,0.606810872,0.245388186
463,0.607085955,,0.706982624,0.240244065
464,0.582185851,,0.825252406,0.130431552
465,0.493208145,,0.694114231,0.007609026
466,0.535201723,,0.718178185,0
467,0.511240438,,0.705297065,0.003286143
468,0.47736116,,0.694048024,0.347260845
469,0.438570195,,0.686616118,0.614011346
470,0.42923304,,0.779770672,0.485109838
471,0.306262844,,0.54565535,0.392730993
472,0.459641601,,0.696557824,0.149515696
473,0.415832932,,0.612747855,0.178768586
474,0.44077919,,0.733523172,0.244591119
475,0.411247495,,0.750842586,0.353032831
476,0.309717442,,0.809527831,0.196562444
477,0.427776711,,0.834381199,0.243204062
478,0.539274047,,0.7452804,0.195903258
479,0.390348417,,0.716565062,0.225535403
480,0.381211758,,0.685635251,0.233603689
481,0.485223517,,0.582573957,0.339214432
482,0.529541399,,0.707501479,0.433697482
483,0.537681599,,0.706881873,0.390504739
484,0.412158859,,0.754946926,0.327187879
485,0.629305882,,0.588283338,0.482177757
486,0.614447347,,0.57059701,0.292890534
487,0.461574839,,0.623258288,0.303021745
488,0.436111868,,0.648094432,0.363135871
489,0.328842497,,0.567421961,0.442691608
490,0.537072232,,0.525323752,0.401673286
491,0.475848423,,0.512389335,0.368353188
492,0.546858292,,0.578440223,0.298950366
493,0.431590122,,0.553228154,0.195819593
494,0.446319043,,0.5725062,0.096991787
495,0.444879715,,0.491549457,0.153593118
496,0.354243224,,0.523221603,0.314753984
497,0.433724748,,0.49435885,0.344209183
498,0.491540438,,0.609572219,0.221462151
499,0.370564242,,0.455909783,0.07562794
500,0.466505557,,0.557698227,0.190197403
501,0.542965791,,0.549765962,0.213383311
502,0.614277737,,0.478132237,0.178156721
503,0.473141006,,0.511972139,0.220363791
504,0.541161658,,0.607922555,0.240022435
505,0.541150235,,0.593129557,0.370874437
506,0.616201031,,0.525324939,0.128418417
507,0.502217873,,0.520288541,0.129999187
508,0.32241308,,0.507161418,0.437027542
509,0.369775632,,0.578157143,0.457009865
510,0.351660999,,0.650058353,0.344711765
511,0.403253921,,0.705090984,0.359022277
512,0.506426342,,0.6570431,0.214860926
513,0.381035766,,0.66745645,0.09969211
514,0.482497139,,0.705995078,0.031021841
515,0.377102982,,0.731507298,0.105100161
516,0.413202742,,0.653066642,0.216847251
517,0.370351675,,0.708596122,0.20122058
518,0.330682962,,0.705762769,0.282207802
519,0.354939976,,0.762396856,0.584987065
520,0.449798022,,0.691020708,0.45219572
521,0.359099737,,0.607936655,0.590036713
522,0.388380965,,0.559805769,0.292762612
523,0.343816405,,0.731655278,0.206602842
524,0.273556027,,0.813674559,0.218829406
525,0.426567169,,0.749146472,0.135605547
526,0.37946722,,0.739390856,0.049694047
527,0.419104676,,0.681107997,0.313746863
528,0.494134201,,0.64516598,0.377083384
529,0.409008315,,0.628338983,0.360734459
530,0.343339702,,0.675626997,0.472250812
531,0.370685355,,0.54426142,0.481950936
532,0.477180187,,0.691530357,0.446350027
533,0.522567076,,0.595911802,0.591510839
534,0.61818172,,0.668857869,0.42550289
535,0.604852383,,0.555900185,0.317940207
536,0.489729864,,0.56744072,0.105334132
537,0.640182169,,0.48736147,0.117694406
538,0.620982314,,0.509491953,0.126668871
539,0.550051237,,0.850748129,0.345587729
540,0.377301375,,0.718861496,0.448553386
541,0.43947872,,0.714149533,0.450574947
542,0.519300854,,0.697135258,0.41967405
543,0.562789078,,0.675660929,0.485530287
544,0.443418797,,0.69487672,0.370674
545,0.501330918,,0.760808938,0.236990945
546,0.389034586,,0.633636354,0.196196721
547,0.45046106,,0.711846264,0.254732289
548,0.461271205,,0.699750613,0.253459706
549,0.365958888,,0.769100998,0.20374251
550,0.50473881,,0.692954334,0.190524059
551,0.625314377,,0.597861022,0.232696829
552,0.438704821,,0.648602008,0.229442007
553,0.478824735,,0.700517995,0.20824736
554,0.492830307,,0.711221199,0.152670683
555,0.574196712,,0.737884049,0.333881535
556,0.371156594,,0.761660684,0.374469449
557,0.423539595,,0.637448608,0.312843833
558,0.536981442,,0.788374385,0.340653833
559,0.531529191,,0.700550471,0.394379512
560,0.397770272,,0.899428288,0.514960464
561,0.395188091,,0.622197698,0.586471745
562,0.517371446,,0.859815585,0.555808307
563,0.421543577,,0.677904679,0.604265518
564,0.517599302,,0.679420455,0.609928562
565,0.367888757,,0.713991773,0.561396454
566,0.360756521,,0.717894219,0.522482506
567,0.542345809,,0.636780075,0.511361792
568,0.356768165,,0.724132041,0.413433016
569,0.509415521,,0.740769163,0.42885125
570,0.30243406,,0.727241458,0.531832482
571,0.182955986,,0.559425308,0.50296004
572,0.300561288,,0.625957017,0.5350719
573,0.369349055,,0.661833486,0.581019692
574,0.420766703,,0.95326083,0.674802106
575,0.392717027,,0.574936293,0.803816642
576,0.437148819,,0.661821707,0.773829753
577,0.5266641,,0.665246235,0.699224339
578,0.54898463,,0.690568443,0.646089077
579,0.390996856,,0.752679173,0.64454933
580,0.494538402,,0.703508069,0.584541253
581,0.488980617,,0.739212297,0.640201084
582,0.369427371,,0.79410734,0.453363105
583,0.484452445,,0.842812428,0.549958359
584,0.446891296,,0.736358542,0.408622786
585,0.424324841,,0.779149764,0.277170155
586,0.40762004,,0.798793792,0.31157074
587,0.460373594,,0.861500118,0.413706733
588,0.49394306,,0.793397121,0.457533043
589,0.431006081,,0.896130092,0.302591593
590,0.456780534,,1,0.346316366
591,0.538800916,,0.949289179,0.314567165
592,0.551117536,,0.978437404,0.183282543
593,0.561788433,,0.824691504,0.471935561
594,0.519000935,,0.715477147,0.506031618
595,0.547096817,,0.741878183,0.458046689
596,0.551252846,,0.783657815,0.225546893
597,0.483417984,,0.741410594,0.406458493
598,0.453866944,,0.7876236,0.546320196
599,0.452581773,,0.739179638,0.358237722
600,0.44310875,,0.820318851,0.269847102
601,0.507938296,,0.891104341,0.223679383
602,0.425040651,,0.840745005,0.42426682
603,0.532928808,,0.888148634,0.32914016
604,0.54325938,,0.863571505,0.22616114
605,0.42442582,,0.823344749,0.238258846
606,0.433782033,,0.792820532,0.225513444
607,0.547809412,,0.722871204,0.314052753
608,0.366818584,,0.571508756,0.354858041
609,0.674612101,,0.610267787,0.294864688
610,0.689726237,,0.560182609,0.371722314
611,0.702960334,,0.38560428,0.458691322
612,0.599460072,,0.548697799,0.449686216
613,0.430956952,,0.624344221,0.480060531
614,0.497829198,,0.731674916,0.509899326
615,0.441999523,,0.687741161,0.628187723
616,0.350219014,,0.691459801,0.409450067
617,0.560922599,,0.662021479,0.371981478
618,0.421070314,,0.741754578,0.269050206
619,0.544133852,,0.600990478,0.253436812
620,0.463142142,,0.645066564,0.258197506
621,0.4797719,,0.613146036,0.25206916
622,0.501663313,,0.604464667,0.338323488
623,0.57672481,,0.59330008,0.255093841
624,0.581743266,,0.728277114,0.263538915
625,0.563517109,,0.624909489,0.346911463
626,0.531141915,,0.837119539,0.373669744
627,0.542707154,,0.793942646,0.403341295
628,0.560549821,,0.665680686,0.254073188
629,0.628424234,,0.647266757,0.156542392
630,0.563420599,,0.674359826,0.183599923
631,0.510240182,,0.598416583,0.208344557
632,0.622683526,,0.676723946,0.326276849
633,0.563143536,,0.74703039,0.418831959
634,0.400003462,,0.678592777,0.39303867
635,0.625391924,,0.551950118,0.718323973
636,0.68985228,,0.49315655,0.973833157
637,0.496699511,,0.523874397,0.970422752
638,0.588663651,,0.514530662,0.710213472
639,0.423311349,,0.765300836,0.60404091
640,0.343434886,,0.635097874,0.561330663
641,0.364116142,,0.457540058,0.561588294
642,0.454260421,,0.561287919,0.669609301
643,0.429695549,,0.532770591,0.558666597
644,0.390266377,,0.630838815,0.457149788
645,0.267498866,,0.573708791,0.521889877
646,0.269044084,,0.36401004,0.431623151
647,0.061859499,,0.501165589,0.579503266
648,0.274934206,,0.534007256,0.65499358
649,0.347995355,,0.49750593,0.671267778
650,0.357296888,,0.447918902,0.530323546
651,0.342977996,,0.598380177,0.42419805
652,0.299219168,,0.468699143,0.467469521
653,0.278414498,,0.541407521,0.176276104
654,0.410491727,,0.658539184,0.312139113
655,0.339497358,,0.596625662,0.250265058
656,0.306258293,,0.580608193,0.17793356
657,0.254232211,,0.758073006,0.253028193
658,0.528306059,,0.54717015,0.425513274
659,0.481876174,,0.654746059,0.594700636
660,0.233658313,,0.844386667,0.541688274
661,0.352232048,,0.708499177,0.496218211
662,0.33554663,,0.577582913,0.60107189
663,0.32084072,,0.619258192,0.561155844
664,0.244278382,,0.558765056,0.525881848
665,0.253887687,,0.5300235,0.334754265
666,0.160578761,,0.39042585,0.431793799
667,0.273420243,,0.380970042,0.566691051
668,0.185324849,,0.435469287,0.491225589
669,0.31403787,,0.445041108,0.431027203
670,0.322521177,,0.406121146,0.265443619
671,0.255368388,,0.35035006,0.377921644
672,0.298537466,,0.567432998,0.477695291
673,0.229305549,,0.527357401,0.466636112
674,0.309788557,,0.768249561,0.413775673
675,0.213547344,,0.759562225,0.394139413
676,0.319693743,,0.690881019,0.232860668
677,0.319432769,,0.761097558,0.256224118
678,0.42403706,,0.768323639,0.405766284
679,0.408456744,,0.573553846,0.529270295
680,0.323723284,,0.658788855,0.455969466
681,0.319912539,,0.641290794,0.367427263
682,0.300189416,,0.760293187,0.499473204
683,0.086531613,,0.583041633,0.546327856
684,0.225880494,,0.442145999,0.498071593
685,0.225701387,,0.389820753,0.584834801
686,0.348826264,,0.575794162,0.428456079
687,0.182229099,,0.574715731,0.392702225
688,0.260990703,,0.511795576,0.366076463
689,0.143406469,,0.519503765,0.348236134
690,0.288117895,,0.536662053,0.344297358
691,0.313627647,,0.497200055,0.431643408
692,0.225153184,,0.546720949,0.309658887
693,0.211702487,,0.579135141,0.350133178
694,0.206778315,,0.729258412,0.453292803
695,0.181059646,,0.562633997,0.654330479
696,0.274647279,,0.337598176,0.622958576
697,0.335569234,,0.426467716,0.506280058
698,0.210294239,,0.405506403,0.414650531
699,0.171903918,,0.628393246,0.436957666
700,0.199664081,,0.704220637,0.481382478
701,0.16064022,,0.929158575,0.456790363
702,0.205624886,,0.638991792,0.430719866
703,0.240493715,,0.545750598,0.495055763
704,0.305719326,,0.492044421,0.432022663
705,0.344313729,,0.453614398,0.340537656
706,0.211049739,,0.614149862,0.385024089
707,0.188853359,,0.590989342,0.472721648
708,0.291032608,,0.617237439,0.478211065
709,0.183796643,,0.655839155,0.433572283
710,0.262491139,,0.624878682,0.471111684
711,0.320769183,,0.686136502,0.49424993
712,0.445681464,,0.384197404,0.543553316
713,0.298989483,,0.51692416,0.645550493
714,0.304908245,,0.466574549,0.748372142
715,0.380325856,,0.296216369,0.620054837
716,0.303943083,,0.282369819,0.346057117
717,0.373344991,,0.340895627,0.249233935
718,0.260124096,,0.275514546,0.252851246
719,0.25365258,,0.504159132,0.371056745
720,0.308944507,,0.449904178,0.54995087
721,0.779825148,,0.363927592,0.789284159
722,0.483494945,,0.613585354,0.897840686
723,0.376696825,,0.554611181,1
724,0.473164685,,0.722140177,0.729335064
725,0.35531265,,0.614516104,0.592083467
726,0.439823817,,0.520857338,0.469690157
727,0.577191866,,0.401543138,0.426203696
728,0.511785016,,0.368586635,0.507312967
729,0.51956805,,0.419043419,0.486251264
730,0.446166168,,0.343085812,0.37104168
731,0.441133343,,0.506152092,0.400414406
732,0.507768589,,0.636035064,0.50177027
733,0.421431279,,0.62602567,0.4741659
734,0.582042645,,0.655131636,0.334920147
735,0.394043546,,0.380268385,0.423542524
736,0.641172552,,0.353579373,0.411208464
737,0.519597288,,0.705198436,0.491901371
738,0.549510433,,0.678683816,0.414674362
739,0.387870315,,0.423713225,0.47441868
740,0.439967986,,0.52653746,0.471152282
741,0.274944327,,0.484308783,0.433514407
742,0.598821601,,0.48129029,0.57888689
743,0.517809697,,0.496881762,0.411775049
744,0.482029745,,0.494767335,0.510036185
745,0.279604611,,0.450517895,0.50580369
746,0.665155949,,0.564200052,0.633513216
747,0.476891337,,0.581244538,0.779489818
748,0.513250451,,0.590655965,0.697974992
749,0.477101697,,0.654286417,0.637287812
750,0.453893206,,0.704960409,0.369977194
751,0.527782758,,0.663202316,0.414689002
752,0.431853863,,0.581682492,0.491458197
753,0.586731539,,0.52426516,0.532928715
754,0.491988775,,0.707000008,0.514205272
755,0.593270423,,0.533425561,0.491124902
756,0.410929269,,0.632771633,0.405366602
757,0.556716482,,0.770168582,0.481504017
758,0.482883293,,0.71416149,0.615839279
759,0.491876441,,0.719195701,0.452729878
760,0.53573353,,0.817318424,0.484112165
761,0.572820996,,0.612844881,0.474528899
762,0.410174352,,0.597370217,0.540071587
763,0.533966386,,0.610862695,0.539851575
764,0.417593037,,0.559699033,0.368545454
765,0.467373149,,0.576745737,0.444291783
766,0.544922306,,0.507464869,0.571037595
767,0.536669724,,0.601023417,0.592052912
768,0.513121008,,0.824172813,0.581418523
769,0.45914538,,0.634691597,0.506285845
770,0.233332516,,0.555247531,0.527614797
771,0.365516024,,0.507862731,0.587027436
772,0.549513626,,0.541343107,0.57180334
773,0.334504914,,0.58775272,0.277510259
774,0.442990162,,0.619070866,0.211353494
775,0.232279781,,0.765141969,0.51432979
776,0.319903496,,0.683420944,0.493591765
777,0.283308964,,0.391182683,0.455163462
778,0.36920218,,0.573782367,0.555021114
779,0.431720819,,0.292749334,0.44645897
780,0.423952043,,0.368721783,0.314120586
781,0.2973676,,0.60605385,0.28561991
782,0.44706168,,0.606286283,0.389457957
783,0.474212098,,0.570274327,0.407305265
784,0.555435876,,0.61775394,0.266039057
785,0.664035433,,0.668925459,0.259398511
786,0.612057991,,0.425404035,0.421324356
787,0.534603311,,0.604790226,0.52775523
788,0.537238658,,0.54908006,0.439655266
789,0.517820607,,0.500366766,0.391808302
790,0.535918352,,0.604559034,0.461392155
791,0.604124659,,0.269580696,0.523747174
792,0.294535274,,0.321461029,0.645606411
793,0.543616038,,0.506375675,0.636449467
794,0.505923195,,0.754549232,0.457223664
795,0.547933539,,0.597292046,0.416127296
796,0.61211974,,0.489695486,0.30623197
797,0.653433787,,0.501246387,0.1737889
798,0.687101814,,0.406206384,0.201625624
799,0.697096606,,0.418602203,0.284928211
800,0.509200991,,0.484510086,0.392155811
801,0.653928326,,0.466608296,0.526457795
802,0.666329059,,0.518231343,0.388043494
803,0.512816302,,0.460168998,0.155389816
804,0.60242855,,0.551526951,0.356819514
805,0.327617665,,0.423371551,0.416728096
806,0.461180003,,0.604422586,0.473112393
807,0.535276556,,0.501013965,0.241757172
808,0.49010739,,0.48375917,0.175723477
809,0.625130243,,0.725653344,0.441665422
810,0.464812012,,0.631061311,0.580294204
811,0.593386365,,0.625982375,0.593330857
812,0.530022171,,0.329225291,0.517971358
813,0.570205536,,0.417294278,0.437042267
814,0.511452217,,0.49935112,0.41244164
815,0.463819841,,0.217961813,0.358225806
816,0.490356819,,0.474296628,0.442639605
817,0.4575366,,0.3711656,0.524395381
818,0.642872511,,0.576140259,0.499934081
819,0.564492757,,0.463628079,0.620111777
820,0.490378657,,0.402199876,0.547687933
821,0.413495445,,0.544644659,0.469231833
822,0.727242398,,0.509226257,0.540141378
823,0.594801422,,0.53435785,0.621514409
824,0.490932488,,0.413133385,0.626208462
825,0.466967982,,0.478052744,0.486481575
826,0.475113287,,0.519395141,0.499106545
827,0.302282157,,0.431866745,0.596560656
828,0.375367198,,0.430960917,0.596288641
829,0.465608752,,0.306235472,0.673001919
830,0.54210273,,0.390635014,0.639495171
831,0.457596089,,0.407750804,0.562513793
832,0.321065287,,0.402854556,0.498774697
833,0.487247494,,0.561463241,0.382100519
834,0.431766343,,0.36345292,0.542678713
835,0.50344691,,0.366310052,0.238208375
836,0.490911541,,0.484743895,0.283862278
837,0.46955348,,0.625831165,0.412991118
838,0.535188948,,0.645410433,0.422083718
839,0.578276794,,0.449739298,0.354046506
840,0.544962217,,0.443691999,0.37566824
841,0.657680535,,0.380704652,0.434911423
842,0.543297728,,0.410105627,0.419594471
843,0.470948903,,0.373648414,0.49373688
844,0.266698506,,0.263522708,0.850517497
845,0.154165453,,0.515242367,0.725230066
846,0.546197982,,0.453495736,0.62300028
847,0.687139982,,0.697556441,0.582475349
848,0.701827565,,0.523049662,0.580195475
849,0.61290801,,0.584454103,0.396705856
850,0.543882704,,0.582121037,0.364163929
851,0.493113605,,0.524877629,0.317517119
852,0.464979762,,0.510379318,0.406698251
853,0.65377061,,0.319876006,0.466046036
854,0.677483075,,0.258787477,0.287646577
855,0.582954346,,0.386763386,0.480670438
856,0.552379484,,0.546544107,0.394154222
857,0.373022482,,0.4286648,0.297395214
858,0.337999718,,0.511033149,0.488399131
859,0.381292944,,0.396026731,0.5295841
860,0.6146181,,0.485769907,0.529477456
861,0.476209141,,0.3980462,0.442298564
862,0.405853077,,0.48846599,0.446707835
863,0.426491093,,0.490350118,0.268511282
864,0.526871436,,0.524159325,0.362915603
865,0.619375881,,0.480180187,0.444562692
866,0.460664515,,0.508603121,0.461215805
867,0.48897048,,0.548284268,0.410736267
868,0.604594172,,0.422500377,0.291297167
869,0.53806423,,0.494852648,0.298804741
870,0.5081341,,0.499922991,0.307992665
871,0.597225491,,0.53061174,0.380174452
872,0.535929602,,0.590098586,0.409528454
873,0.730473386,,0.627613977,0.277314163
874,0.712304516,,0.610283757,0.264404666
875,0.75254717,,0.610646432,0.185559438
876,0.369382706,,0.589020794,0.14204838
877,0.481393819,,0.474767002,0.176799453
878,0.440893056,,0.453860673,0.193971233
879,0.616442977,,0.43549118,0.521265501
880,0.585809594,,0.43571386,0.554913874
881,0.650792777,,0.517874198,0.341269612
882,0.607911725,,0.358646321,0.380715845
883,0.714341096,,0.418594352,0.444291613
884,0.397724383,,0.330897771,0.21380376
885,0.535620943,,0.484044947,0.51828712
886,0.541451467,,0.46978355,0.357780674
887,0.507671157,,0.518854722,0.46680344
888,0.581424041,,0.637930519,0.64856794
889,0.585193553,,0.662710056,0.544655591
890,0.574010511,,0.658309261,0.52326953
891,0.506132897,,0.523563224,0.45890793
892,0.55627775,,0.501150499,0.495019505
893,0.69774439,,0.389384518,0.318862557
894,0.584211024,,0.459462688,0.445556195
895,0.51453902,,0.692622712,0.491285507
896,0.569998801,,0.523408231,0.307436038
897,0.493946845,,0.588489993,0.22352065
898,0.478189928,,0.542490472,0.210877467
899,0.401310632,,0.507450522,0.259397064
900,0.388772158,,0.498499038,0.250976162
901,0.548662122,,0.577889384,0.208778965
902,0.487193743,,0.538441249,0.292200367
903,0.540732827,,0.481415491,0.365410383
904,0.427501661,,0.49521242,0.242634328
905,0.471194265,,0.413428727,0.143801075
906,0.457659456,,0.46734666,0.196430181
907,0.511498583,,0.578175822,0.296957998
908,0.495789764,,0.502209284,0.205723132
909,0.366414434,,0.347809715,0.180240669
910,0.572516354,,0.439911901,0.169112805
911,0.607261196,,0.496801141,0.249504589
912,0.626719772,,0.479843606,0.266429292
913,0.485007821,,0.561518654,0.311133268
914,0.386006627,,0.410329677,0.412076513
915,0.443474632,,0.552898033,0.226060709
916,0.52374739,,0.357652906,0.345260476
917,0.445404294,,0.2767581,0.37648318
918,0.450833765,,0.240627487,0.337740051
919,0.541243975,,0.278071989,0.203387085
920,0.476268041,,0.424028209,0.192689288
921,0.594593548,,0.420334174,0.226198844
922,0.645823652,,0.312102511,0.248707948
923,0.654547458,,0.146536109,0.223509416
924,0.694578133,,0.397223367,0.281841228
925,0.665064345,,0.238096348,0.54916308
926,0.639206769,,0.320015925,0.622150786
927,0.610753305,,0.232942325,0.295117894
928,0.729749319,,0.285295488,0.230219923
929,0.621794486,,0.217935912,0.201742482
930,0.788930977,,0.501558415,0.347159818
931,0.686470118,,0.433807098,0.238594865
932,0.63146348,,0.362946376,0.278830334
933,0.792239034,,0.3827907,0.389437189
934,0.66798186,,0.474208699,0.484479675
935,0.763168324,,0.443081013,0.37588272
936,0.580116171,,0.420025903,0.449985212
937,0.744892879,,0.188479749,0.366019439
938,0.664351054,,0.286331156,0.289574261
939,0.706620783,,0.334909797,0.195044485
940,0.554169962,,0.24824235,0.187253151
941,0.660737046,,0.366718275,0.323888543
942,0.78288148,,0.52618923,0.490363242
943,0.609086099,,0.254102055,0.447650016
944,0.589265214,,0.004143864,0.40520055
945,0.786619212,,0.280693503,0.398347055
946,0.642296536,,0.416128691,0.576661147
947,0.352823641,,0.586478988,0.47493573
948,0.199091262,,0.316566173,0.369559384
949,0.477368179,,0.355259811,0.340709836
950,0.373837805,,0.36848452,0.40795628
951,0.565147521,,0.53087642,0.498807464
952,0.455163988,,0.460081015,0.415546582
953,0.472595499,,0.342391598,0.423897863
954,0.580799049,,0.779136111,0.43806275
955,0.635205409,,0.538686225,0.407579918
956,0.49259558,,0.514317698,0.322946362
957,0.5699641,,0.423519467,0.387099525
958,0.706414484,,0.651425469,0.422170446
959,0.704401996,,0.37497857,0.463877998
960,0.717097926,,0.510948997,0.45593457
961,0.5949824,,0.468520394,0.416251133
962,0.679075803,,0.547634054,0.308771092
963,0.816053535,,0.684095109,0.385079751
964,0.74973965,,0.799380872,0.346440033
965,0.652035493,,0.61136903,0.327513855
966,0.641148927,,0.538006353,0.33028814
967,0.593133206,,0.408844443,0.347705806
968,0.502551795,,0.40280802,0.291205928
969,0.566087061,,0.454209441,0.342007782
970,0.670155961,,0.447581839,0.301371439
971,0.581899535,,0.505634393,0.303419811
972,0.69103698,,0.523442515,0.26839553
973,0.511079578,,0.297497936,0.253572394
974,0.598188999,,0.432476174,0.139808764
975,0.583085917,,0.511676667,0.270730897
976,0.570565225,,0.375941703,0.289609157
977,0.555904956,,0.411642701,0.188989675
978,0.615321418,,0.387988164,0.215112174
979,0.637084697,,0.550854963,0.22644788
980,0.400093411,,0.614602163,0.41196323
981,0.489205615,,0.371377554,0.404931428
982,0.512277729,,0.673509217,0.342502108
983,0.560357349,,0.585363898,0.438229142
984,0.570833804,,0.608270554,0.386846149
985,0.784732074,,0.779240393,0.563844166
986,0.365107134,,0.526187639,0.786074786
987,0.567250093,,0.648598949,0.505674321
988,0.369980191,,0.693387256,0.451184088
989,0.619543541,,0.682009296,0.36131364
990,0.645181786,,0.528868591,0.431222959
991,0.528952087,,0.538079171,0.470723237
992,0.488840987,,0.838101555,0.516315519
993,0.424465164,,0.558589729,0.544075133
994,0.438793216,,0.736421113,0.269592449
995,0.577003339,,0.731763724,0.394812472
996,0.522282503,,0.712049324,0.198534385
997,0.32097161,,0.661774704,0.247062068
998,0.388538899,,0.81061054,0.295372802
999,0.369465515,,0.606553881,0.45932557
1000,0.573817467,,0.754565492,0.358447095
1001,0.382444819,,0.688359509,0.364014134
1002,0.48962599,,0.644770354,0.396098673
1003,0.412946554,,0.661408676,0.492080445
1004,0.451368118,,0.464688348,0.419136062
1005,0.610985441,,0.584430781,0.49090123
1006,0.642648513,,0.500417439,0.423172716
1007,0.592001792,,0.479884091,0.327205752
1008,0.440827518,,0.611292959,0.381761095
1009,0.555469873,,0.776983247,0.247792577
1010,0.657214484,,0.744937119,0.264300575
1011,0.726581261,,0.781345932,0.261464074
1012,0.625465609,,0.795684811,0.319378501
1013,0.333947551,,0.872037673,0.36374348
1014,0.401687243,,0.687892602,0.363429249
1015,0.555559292,,0.579176916,0.286395273
1016,0.525726726,,0.67606968,0.398762143
1017,0.549489127,,0.756727347,0.395689288
1018,0.499513529,,0.769915649,0.297932521
1019,0.492914488,,0.757272221,0.438641251
1020,0.60650288,,0.701665,0.466417716
1021,0.628905857,,0.623917784,0.560131361
1022,0.663094427,,0.659072725,0.365774489
1023,0.59276045,,0.748991324,0.241204119
1024,0.574436707,,0.741233364,0.150706912
1025,0.771060653,,0.703120829,0.284742668
1026,0.650698173,,0.566143015,0.538097348
1027,0.831963097,,0.713714131,0.530116215
1028,0.831211497,,0.587526387,0.474538942
1029,0.787367452,,0.53438934,0.188555523
1030,0.615478726,,0.563177034,0.160150851
1031,0.721302248,,0.514327177,0.260207918
1032,0.741118772,,0.730484887,0.535818325
1033,0.67072787,,0.624818507,0.502360857
1034,0.618837336,,0.730918908,0.325334838
1035,0.650456988,,0.81979329,0.319908233
1036,0.849600066,,0.711304749,0.328768564
1037,0.866198458,,0.685866835,0.22685369
1038,0.63991342,,0.679693615,0.468297142
1039,0.868918159,,0.535868572,0.600387767
1040,0.711474372,,0.661301132,0.33000506
1041,0.895273566,,0.496049531,0.496011391
1042,0.608405936,,0.620235915,0.547759852
1043,0.601919089,,0.612095507,0.50715483
1044,0.789524705,,0.68447744,0.740403776
1045,0.543654467,,0.661376144,0.313411014
1046,0.646513713,,0.660870492,0.326087902
1047,0.474366328,,0.63380061,0.321315632
1048,0.639283222,,0.559019628,0.418778424
1049,0.663334692,,0.56029896,0.525089973
1050,0.436858508,,0.730620605,0.596999149
1051,0.550665513,,0.834230986,0.541369448
1052,0.539097043,,0.827576881,0.38877179
1053,0.349953521,,0.785424092,0.326718406
1054,0.255132344,,0.749230973,0.236554665
1055,0.389216474,,0.651259718,0.269124253
1056,0.408567861,,0.547397322,0.387123867
1057,0.560394127,,0.589970789,0.514887609
1058,0.62234768,,0.526696531,0.537467355
1059,0.590717103,,0.829976134,0.551552492
1060,0.703650296,,0.825648088,0.483458085
1061,0.651595979,,0.732813224,0.446494036
1062,0.47707863,,0.613576678,0.506488665
1063,0.518517841,,0.738661676,0.404497616
1064,0.627029273,,0.712849868,0.732642826
1065,0.478438246,,0.731564474,0.566435547
1066,0.411322968,,0.768090949,0.496599425
1067,0.564460363,,0.678141575,0.591579694
1068,0.479973268,,0.535970092,0.74956821
1069,0.559919975,,0.501461108,0.759938669
1070,0.286430687,,0.713262082,0.867026772
1071,0.369718227,,0.456562394,0.626614698
1072,0.325465526,,0.736795727,0.837609873
1073,0.241142619,,0.738940134,0.801475403
1074,0.291579332,,0.493127081,0.642452786
1075,0.21356805,,0.456426268,0.666930767
1076,0.508989166,,0.691934065,0.765961988
1077,0.601196304,,0.568265294,0.720261019
1078,0.736174688,,0.627166151,0.739634541
1079,0.717969252,,0.693949944,0.564198825
1080,0.589721051,,0.659285103,0.525312709
1081,0.525420054,,0.720232473,0.484826077
1082,0.393523387,,0.644820033,0.558578081
1083,0.452270375,,0.596479939,0.578034842
1084,0.657213612,,0.707075078,0.475333285
1085,0.665903761,,0.673586308,0.277437489
1086,0.59454994,,0.56734215,0.284470227
1087,0.510209924,,0.519307856,0.422787162
1088,0.589192097,,0.652999331,0.465302504
1089,0.648962802,,0.476257218,0.362050959
1090,0.444067194,,0.641589855,0.365320761
1091,0.559726109,,0.550966171,0.517202974
1092,0.58852081,,0.556179718,0.530651139
1093,0.460152634,,0.539387644,0.582494328
1094,0.447904765,,0.552412677,0.594848645
1095,0.202645834,,0.511635296,0.70888029
1096,0.384362138,,0.549759857,0.837617533
1097,0.298248542,,0.519561563,0.690288259
1098,0.396560706,,0.690343141,0.536472234
1099,0.339336739,,0.437967728,0.799889696
1100,0.338090587,,0.777601171,0.73107661
1101,0.203885495,,0.603910142,0.640060225
1102,0.376242321,,0.652382869,0.848850169
1103,0.305562758,,0.516721126,0.768746401
1104,0.33391224,,0.670181668,0.602430776
1105,0.418607408,,0.734733759,0.613293859
1106,0.233570778,,0.711539444,0.741004661
1107,0.602650598,,0.670184468,0.638339021
1108,0.482513766,,0.759980482,0.536565601
1109,0.349867045,,0.595247488,0.510699286
1110,0.193057991,,0.493083597,0.631945808
1111,0.360305142,,0.611743499,0.563716585
1112,0.45861257,,0.527850151,0.390991745
1113,0.51423384,,0.473198545,0.425898827
1114,0.443713266,,0.568253692,0.350069855
1115,0.477521921,,0.594599514,0.312283121
1116,0.612937224,,0.745009728,0.335859604
1117,0.578701435,,0.585812707,0.267031113
1118,0.597599989,,0.673937488,0.313966195
1119,0.673048768,,0.728032801,0.452280661
1120,0.825750361,,0.506403027,0.429845264
1121,0.698965978,,0.569619056,0.587809778
1122,0.576593556,,0.305829131,0.623843052
1123,0.554174583,,0.414198952,0.374924794
1124,0.599494267,,0.307808523,0.345647988
1125,0.646512097,,0.518408304,0.366298008
1126,0.689063504,,0.365146776,0.329355236
1127,0.621205899,,0.410943656,0.297417428
1128,0.677253899,,0.36352202,0.420577931
1129,0.64983221,,0.531103458,0.646368837
1130,0.413991431,,0.317355173,0.515711655
1131,0.543008414,,0.315299948,0.577612861
1132,0.577815799,,0.338559445,0.615676036
1133,0.510518863,,0.284262459,0.560641687
1134,0.271138019,,0.270798268,0.556468515
1135,0.404581154,,0.288330462,0.549415946
1136,0.194144197,,0.404435388,0.755518674
1137,0.082987229,,0.222549182,0.724652757
1138,0.060620413,,0.474965371,0.546563869
1139,0.169532015,,0.459384587,0.408311449
1140,0.321308086,,0.435553181,0.333993711
1141,0.214859986,,0.493672508,0.438924756
1142,0.269148173,,0.579404566,0.434855079
1143,0.335323864,,0.535291273,0.574748103
1144,0.315515399,,0.643086068,0.469167234
1145,0.358109517,,0.637537381,0.472261026
1146,0.141625884,,0.537444412,0.429213228
1147,0.563840952,,0.186913276,0.464497352
1148,0.529163023,,0.613167818,0.525233981
1149,0.216204199,,0.480250479,0.605203699
1150,0.247033937,,0.437367945,0.739279202
1151,0.141522001,,0.367641122,0.61694981
1152,0.243478646,,0.642389463,0.677863215
1153,0.469646695,,0.551315873,0.86992217
1154,0.376433103,,0.476615873,0.655428839
1155,0.216120399,,0.562689658,0.718495132
1156,0.220849874,,0.691664484,0.595286031
1157,0.539855376,,0.60853978,0.626284807
1158,0.097831535,,0.623010165,0.648565557
1159,0.372308479,,0.705798337,0.536073233
1160,0.444299243,,0.524782741,0.67300677
1161,0.329676636,,0.639093978,0.69845553
1162,0.601410074,,0.498447344,0.674622096
1163,0.221073586,,0.376812056,0.698794187
1164,0.252782346,,0.406842272,0.582422409
1165,0.473996955,,0.636427707,0.528047758
1166,0.539037139,,0.654205952,0.558227253
1167,0.515616665,,0.63805234,0.724031615
1168,0.246363989,,0.606588213,0.643132484
1169,0.170739709,,0.706130171,0.495220198
1170,0.417805276,,0.743221,0.509576074
1171,0.410356838,,0.487689269,0.568865898
1172,0.590947556,,0.628024128,0.57016112
1173,0.840023409,,0.537890276,0.534417054
1174,0.814133604,,0.569165899,0.502105013
1175,0.713879323,,0.476136848,0.376514415
1176,0.64284784,,0.415035858,0.332434304
1177,0.742900459,,0.335435945,0.263669731
1178,0.765260088,,0.415843886,0.382844221
1179,0.563777169,,0.388769776,0.494217758
1180,0.580284993,,0.384827043,0.554996176
1181,0.527450575,,0.675113183,0.543819288
1182,0.555812975,,0.632125127,0.641600312
1183,0.49758041,,0.674330363,0.553166115
1184,0.505752767,,0.636439078,0.486672054
1185,0.5247902,,0.679746502,0.42376509
1186,0.520545638,,0.57114456,0.416702818
1187,0.604338837,,0.460943355,0.289706439
1188,0.51273187,,0.472486926,0.299427925
1189,0.66974987,,0.50427005,0.370451604
1190,0.590773221,,0.39446468,0.468411702
1191,0.698583532,,0.420001442,0.311747856
1192,0.746103438,,0.456426344,0.346299088
1193,0.772095863,,0.446685623,0.374388253
1194,0.832523825,,0.373055698,0.352633149
1195,0.757570183,,0.396997269,0.570830009
1196,0.855183687,,0.632922966,0.4975182
1197,0.94777629,,0.532355077,0.418464449
1198,1,,0.554366873,0.403359339
1199,0.80624482,,0.6640806,0.197041364
1200,0.962618889,,0.701089625,0.369178681
1201,0.859148032,,0.588748844,0.265340209
1202,0.92860451,,0.368092096,0.297330274
1203,0.902849019,,0.725850724,0.381410607
1204,0.8351739,,0.763455281,0.513216025
1205,0.685071124,,0.774722312,0.459586947
1206,0.736432697,,0.443825228,0.568625458
1207,0.733358806,,0.535272744,0.518184816
1208,0.582694205,,0.412178231,0.398526555
1209,0.655230679,,0.546011963,0.638522776
1210,0.593637546,,0.517808795,0.441847305
1211,0.490245034,,0.530465081,0.492901173
1212,0.54589891,,0.450363009,0.432078667
1213,0.476988841,,0.460845399,0.46060726
1214,0.744705884,,0.305489784,0.52911352
1215,0.678139767,,0.50053107,0.297155882
1216,0.609950614,,0.59171402,0.27529873
1217,0.637853224,,0.570361122,0.368575583
1218,0.644665035,,0.613367487,0.467449264
1219,0.461934607,,0.556525525,0.324650204
1220,0.662070915,,0.605129514,0.348382696
1221,0.667466975,,0.436316452,0.650852325
1222,0.549206612,,0.528190089,0.503682123
1223,0.641003768,,0.523604107,0.337598511
1224,0.5703798,,0.624843715,0.475350307
1225,0.511298035,,0.66032191,0.367682937
1226,0.547292864,,0.609641313,0.232740066
1227,0.559042443,,0.643207013,0.36207862
1228,0.434858989,,0.746175799,0.165798235
1229,0.627404094,,0.466843077,0.236226901
1230,0.732858389,,0.450499426,0.346954189
1231,0.787688733,,0.516436746,0.368749806
1232,0.619702328,,0.596735619,0.412766765
1233,0.842662247,,0.586978369,0.463410312
1234,0.825282073,,0.636257732,0.5214673
1235,0.83075219,,0.677462713,0.507702776
1236,0.856330624,,0.692145497,0.338759598
1237,0.797558222,,0.652352964,0.411999573
1238,0.881494404,,0.563404942,0.241940672
1239,0.82379705,,0.581786467,0.293179657
1240,0.741135191,,0.504290314,0.353082196
1241,0.641112008,,0.469366258,0.521734464
1242,0.768593596,,0.643974889,0.491471815
1243,0.709159447,,0.405023617,0.560090422
1244,0.573533285,,0.480913649,0.686179601
1245,0.634254903,,0.568918055,0.721015104
1246,0.488661927,,0.641814292,0.750312507
1247,0.671536327,,0.566536073,0.561326152
1248,0.652342529,,0.516604324,0.555586848
1249,0.710084364,,0.387447826,0.513932576
1250,0.641103426,,0.459019457,0.469249366
1251,0.703520705,,0.461882985,0.260133191
1252,0.664499801,,0.369306831,0.49721614
1253,0.64209719,,0.630085453,0.533886982
1254,0.749780366,,0.56640862,0.579881415
1255,0.653415426,,0.617652436,0.367289298
1256,0.571048746,,0.538607677,0.355996318
1257,0.726079254,,0.352323213,0.522184958
1258,0.780441214,,0.386079135,0.440732348
1259,0.666182948,,0.30174686,0.426395281
1260,0.623477875,,0.323455295,0.14738698
1261,0.732975889,,0.449394561,0.173530161
1262,0.729442107,,0.422798358,0.156718572
1263,0.759536813,,0.429944852,0.221999798
1264,0.733063943,,0.421195091,0.35276805
1265,0.678897564,,0.613186357,0.402053648
1266,0.508100619,,0.531211866,0.415260864
1267,0.690180784,,0.563189189,0.328829419
1268,0.723108846,,0.559208696,0.508971529
1269,0.676073312,,0.558506372,0.367341896
1270,0.69778351,,0.38456966,0.290343922
1271,0.680533126,,0.311732813,0.441220631
1272,0.722113497,,0.494900269,0.512834046
1273,0.538660883,,0.515178195,0.38073525
1274,0.706351031,,0.423448223,0.524064979
1275,0.560922011,,0.493332882,0.557482189
1276,0.700661925,,0.455038926,0.474233818
1277,0.710539432,,0.463863887,0.375266515
1278,0.890069565,,0.577115774,0.341035216
1279,0.745304994,,0.458694893,0.424636203
1280,0.726972088,,0.395956056,0.226993187
1281,0.804701292,,0.47239969,0.286262584
1282,0.690993299,,0.516504858,0.31946923
1283,0.661738102,,0.483749653,0.434145847
1284,0.71851027,,0.447818152,0.418444363
1285,0.69748814,,0.430138396,0.393098077
1286,0.696479425,,0.438706591,0.525701497
1287,0.667446476,,0.442681039,0.466627345
1288,0.645716824,,0.421669123,0.613355479
1289,0.537851308,,0.396381393,0.402324132
1290,0.622880492,,0.475098762,0.321304482
1291,0.680498854,,0.41349528,0.280280203
1292,0.575447081,,0.246860581,0.282538969
1293,0.676382474,,0.211917212,0.402640235
1294,0.789254095,,0.361564305,0.3950021
1295,0.725870377,,0.306474159,0.437133336
1296,0.735841827,,0.399700941,0.563979408
1297,0.493147231,,0.461211678,0.416664603
1298,0.466175576,,0.346868205,0.451779696
1299,0.499545698,,0.577281627,0.477158239
1300,0.506520261,,0.590435236,0.527607988
1301,0.585351613,,0.517158522,0.321780254
1302,0.627644728,,0.298526886,0.316028524
1303,0.530552744,,0.515205542,0.358648553
1304,0.382044884,,0.58782987,0.352728474
1305,0.551552664,,0.563392878,0.311803094
1306,0.474658252,,0.508629124,0.341346042
1307,0.658538311,,0.493354156,0.342610029
1308,0.535539074,,0.615896703,0.382270826
1309,0.529141752,,0.441366371,0.334545147
1310,0.603406575,,0.523539327,0.375568234
1311,0.587342207,,0.528357495,0.363172043
1312,0.545827232,,0.505177749,0.549278151
1313,0.641229199,,0.499297861,0.496631682
1314,0.517355703,,0.532298492,0.507513319
1315,0.621989108,,0.394893789,0.31496523
1316,0.590346387,,0.404059344,0.476490286
1317,0.585680056,,0.414523054,0.510515191
1318,0.583082341,,0.307164462,0.4382351
1319,0.523439547,,0.571344746,0.354948769
1320,0.555138444,,0.546977139,0.273754727
1321,0.510181215,,0.514328064,0.202278852
1322,0.51167448,,0.560326205,0.585149032
1323,0.538671496,,0.485219669,0.438184119
1324,0.563990588,,0.556372874,0.458523482
1325,0.701363714,,0.456296129,0.401326713
1326,0.466009543,,0.639564824,0.522666006
1327,0.470670017,,0.547683717,0.455368325
1328,0.399289801,,0.734326208,0.460177193
1329,0.587845321,,0.57111119,0.357775823
1330,0.601246842,,0.572969358,0.33218297
1331,0.50321215,,0.514912746,0.312841876
1332,0.48286071,,0.542099736,0.354926981
1333,0.474211217,,0.540301942,0.267226528
1334,0.457597173,,0.580167455,0.232235527
1335,0.480306517,,0.706131246,0.066675859
1336,0.346312602,,0.776508424,0.346510164
1337,0.555923619,,0.574420587,0.691674125
1338,0.607971287,,0.674131773,0.632982548
1339,0.597860186,,0.683782275,0.495601155
1340,0.716257711,,0.535924829,0.506309591
1341,0.598047552,,0.646036499,0.419130189
1342,0.553398577,,0.683012405,0.326403154
1343,0.514596715,,0.501066256,0.224455852
1344,0.496462592,,0.757353348,0.268113217
1345,0.557651547,,0.600273155,0.229876074
1346,0.425738761,,0.695376756,0.271598605
1347,0.484188906,,0.657035759,0.343374157
1348,0.590331989,,0.641488486,0.255795924
1349,0.506437051,,0.625932098,0.141561629
1350,0.644708174,,0.47398122,0.141082112
1351,0.635371336,,0.45400371,0.284657557
1352,0.567145143,,0.48857254,0.34345697
1353,0.624383752,,0.522818842,0.283429658
1354,0.534499727,,0.501081453,0.453631972
1355,0.639776063,,0.362216572,0.355079585
1356,0.468785781,,0.456163996,0.474343527
1357,0.703999434,,0.593964164,0.418891282
1358,0.630795032,,0.627442047,0.588636548
1359,0.620697228,,0.526738575,0.360135446
1360,0.643860166,,0.491928048,0.437594043
1361,0.734895049,,0.572711996,0.503606034
1362,0.441090357,,0.677743074,0.586683757
1363,0.336270081,,0.401190878,0.6675651
1364,0.599022114,,0.367016691,0.751615134
1365,0.514929959,,0.545041247,0.72827526
1366,0.469156405,,0.690731577,0.729341703
1367,0.557171138,,0.564866586,0.736989455
1368,0.399740773,,0.519838549,0.740864228
1369,0.444024534,,0.479414932,0.578760926
1370,0.471159987,,0.44529202,0.44492033
1371,0.48742155,,0.605965276,0.360487381
1372,0.423535357,,0.706911245,0.273195121
1373,0.382297132,,0.678577981,0.272036928
1374,0.368227276,,0.772012031,0.303910902
1375,0.392889298,,0.725757319,0.407812697
1376,0.41406659,,0.632239037,0.246513186
1377,0.325917187,,0.682963676,0.26210743
1378,0.408275061,,0.586648286,0.454178896
1379,0.184225896,,0.627075062,0.526867095
1380,0.19237146,,0.605452208,0.371018956
1381,0.242017948,,0.758517817,0.34077384
1382,0.099748011,,0.620795111,0.404904022
1383,0.099278184,,0.653612892,0.286863384
1384,0.090256425,,0.648992012,0.43727811
1385,0.129831684,,0.821175877,0.232282253
1386,0.301733258,,0.701708956,0.200948309
1387,0.298869424,,0.694565998,0.434471823
1388,0.182258947,,0.578790935,0.315527049
1389,0.270382488,,0.611621081,0.339663649
1390,0.413293221,,0.620931042,0.49086293
1391,0.445336107,,0.622763529,0.438324722
1392,0.510913947,,0.59332395,0.418925156
1393,0.281808153,,0.63078928,0.356157689
1394,0.298487701,,0.469458825,0.343880313
1395,0.445027319,,0.520274301,0.437264322
1396,0.44409279,,0.613555206,0.630952645
1397,0.370021494,,0.651139874,0.608445925
1398,0.508711036,,0.665518804,0.494141158
1399,0.586691097,,0.636210632,0.415588797
1400,0.66579013,,0.608414547,0.369963236
1401,0.676217847,,0.619241501,0.357220813
1402,0.643033747,,0.626514529,0.310714266
1403,0.504539202,,0.730119553,0.348346694
1404,0.644184824,,0.674762475,0.214333662
1405,0.475264332,,0.729229463,0.2141791
1406,0.310388612,,0.79193393,0.216357011
1407,0.430598817,,0.697811652,0.299247745
1408,0.441268205,,0.785786121,0.323656275
1409,0.489136374,,0.770610867,0.569602875
1410,0.306987056,,0.667441627,0.709158008
1411,0.437787392,,0.525198733,0.373891373
1412,0.358968679,,0.733870472,0.464054774
1413,0.488460778,,0.664934213,0.459190073
1414,0.455647366,,0.704638618,0.384824418
1415,0.422176194,,0.670819404,0.361374069
1416,0.466014321,,0.613681331,0.372533594
1417,0.452804443,,0.620664648,0.514523333
1418,0.525577661,,0.592944939,0.39938354
1419,0.538655902,,0.405029571,0.596940678
1420,0.64307288,,0.626076017,0.573480286
1421,0.49833009,,0.582078483,0.443731496
1422,0.524424423,,0.58890885,0.432402344
1423,0.598119697,,0.572534504,0.454854509
1424,0.589075308,,0.605400696,0.409200861
1425,0.567542136,,0.674087011,0.42324838
1426,0.68340749,,0.620809119,0.453670272
1427,0.611559356,,0.731950594,0.528962703
1428,0.718713936,,0.752605564,0.467916099
1429,0.595986323,,0.705844958,0.26391417
1430,0.671744897,,0.69428582,0.304286668
1431,0.492640415,,0.705604422,0.348905449
1432,0.523656362,,0.616832485,0.383634138
1433,0.2702338,,0.589644967,0.562644013
1434,0.304241874,,0.495618208,0.623894799
1435,0.11995112,,0.50425236,0.800696805
1436,0.500241214,,0.474508169,0.891964864
1437,0.389922378,,0.573838812,0.802069904
1438,0.46382106,,0.606086001,0.696428266
1439,0.302226451,,0.552729756,0.613424334
1440,0.643229419,,0.562772934,0.550960799
1441,0.483600878,,0.532552898,0.287988129
1442,0.521727064,,0.686364453,0.350971183
1443,0.413774945,,0.603988721,0.46360411
1444,0.397505618,,0.555681219,0.67814255
1445,0.616511091,,0.492375422,0.777933304
1446,0.641454688,,0.642617457,0.641322594
1447,0.634625283,,0.620353857,0.500574203
1448,0.637309004,,0.506276229,0.382094731
1449,0.655963894,,0.624896388,0.295727375
1450,0.610238677,,0.656994022,0.265646949
1451,0.535946534,,0.715370738,0.278064588
1452,0.474913017,,0.689453009,0.477171602
1453,0.526072971,,0.694551108,0.599547719
1454,0.456874196,,0.651249094,0.605113566
1455,0.410822063,,0.758587803,0.471593839
1456,0.398698999,,0.656214464,0.393253576
1457,0.365432797,,0.665523119,0.309311378
1458,0.411754187,,0.575537629,0.284041693
1459,0.467417105,,0.744268973,0.225409864
1460,0.448930176,,0.680303623,0.280303098
1461,0.305396853,,0.619905198,0.274879046
1462,0.331783113,,0.493370073,0.343580296
1463,0.351568646,,0.690297954,0.462963563
1464,0.353031849,,0.626498253,0.536837787
1465,0.326808364,,0.57133524,0.630652714
1466,0.355262862,,0.89072768,0.598826231
1467,0.354792493,,0.857743019,0.447822536
1468,0.247041426,,0.596306881,0.440943083
1469,0.269781146,,0.729666499,0.500496326
1470,0.231301457,,0.62156527,0.503441429
1471,0.328291409,,0.499179098,0.445709906
1472,0.228028211,,0.566242531,0.313679966
1473,0.31583826,,0.563869931,0.313975472
1474,0.393532562,,0.490734931,0.286659032
1475,0.236180963,,0.60730152,0.479612506
1476,0.412189242,,0.60993585,0.581476654
1477,0.277091282,,0.666002966,0.537349986
1478,0.409054795,,0.580983625,0.466620707
1479,0.340682149,,0.532790275,0.463485976
1480,0.292732213,,0.463668511,0.514770751
1481,0.354331261,,0.461684836,0.617768069
1482,0.394273593,,0.555114463,0.565918497
1483,0.579763038,,0.579362791,0.544804025
1484,0.60786618,,0.618653471,0.458626722
1485,0.463260345,,0.562834006,0.47523796
1486,0.445284564,,0.66422678,0.45930225
1487,0.538832147,,0.741906595,0.373257891
1488,0.475151792,,0.604472712,0.275570149
1489,0.384215197,,0.526181749,0.295872149
1490,0.45872808,,0.442698182,0.362294462
1491,0.534598777,,0.571302063,0.384464993
1492,0.376844266,,0.533534625,0.529713128
1493,0.423114956,,0.600599031,0.397981928
1494,0.408037115,,0.454451955,0.535731767
1495,0.341153417,,0.70067504,0.641183267
1496,0.236500204,,0.634788699,0.624486067
1497,0.200259039,,0.70759504,0.590554699
1498,0.197116817,,0.676773658,0.542149747
1499,0.138273652,,0.672339058,0.541605972
1500,0.304473025,,0.464375009,0.587104547
1501,0.324531945,,0.685809782,0.535103561
1502,0.248512071,,0.692363303,0.491699573
1503,0.219476437,,0.555033423,0.373198143
1504,0.26521311,,0.432744492,0.332902756
1505,0.154161683,,0.536987161,0.413073421
1506,0.252597293,,0.448874325,0.499466566
1507,0.27167054,,0.508238254,0.553514816
1508,0.298676184,,0.339886371,0.493423415
1509,0.283285268,,0.463621416,0.467815923
1510,0.273513888,,0.521691209,0.523731513
1511,0.581000354,,0.410283109,0.579732044
1512,0.471136447,,0.546826418,0.609711613
1513,0.549086759,,0.543747987,0.704366332
1514,0.422671998,,0.451322516,0.448418145
1515,0.402168537,,0.649796161,0.60481423
1516,0.462526578,,0.60130994,0.582625825
1517,0.480253883,,0.624188095,0.745767314
1518,0.416140894,,0.37137786,0.57621908
1519,0.469398991,,0.456571013,0.532162799
1520,0.497213678,,0.633256881,0.449978403
1521,0.302983818,,0.534822302,0.533050934
1522,0.234228842,,0.779222236,0.547989993
1523,0.378383054,,0.557654904,0.560325499
1524,0.433376424,,0.693226369,0.360265155
1525,0.534766989,,0.591867459,0.35509099
1526,0.535231919,,0.473481115,0.337198999
1527,0.467172403,,0.625789701,0.341514052
1528,0.326154454,,0.441713397,0.474047084
1529,0.31843125,,0.327564988,0.402907909
1530,0.505019382,,0.499702209,0.428504847
1531,0.361784329,,0.615460596,0.438057728
1532,0.333663977,,0.681524553,0.485521521
1533,0.54090508,,0.609250862,0.469260771
1534,0.710035189,,0.502649012,0.471528899
1535,0.268676239,,0.503522588,0.350642739
1536,0.455072673,,0.499390332,0.193321409
1537,0.366543679,,0.513351888,0.334844993
1538,0.363755159,,0.519076831,0.340080013
1539,0.682222113,,0.603348475,0.435473327
1540,0.549281413,,0.626847487,0.418502409
1541,0.437794655,,0.718819576,0.383799253
1542,0.576321863,,0.517383931,0.412662249
1543,0.490108236,,0.543268903,0.329411239
1544,0.564885139,,0.555178399,0.246495312
1545,0.512531413,,0.491079637,0.233127662
1546,0.533227286,,0.493405668,0.301753759
1547,0.542026104,,0.593405227,0.344560862
1548,0.481861995,,0.409089148,0.414346599
1549,0.517219117,,0.403169593,0.588943374
1550,0.4379648,,0.409586337,0.4616097
1551,0.385584176,,0.428449219,0.485279039
1552,0.408185226,,0.338813443,0.477814957
1553,0.449841047,,0.470665606,0.430873152
1554,0.371618745,,0.595811535,0.286277394
1555,0.281019224,,0.474054405,0.363383289
1556,0.422358479,,0.488445484,0.541988291
1557,0.383308669,,0.642534465,0.552656555
1558,0.419204836,,0.420452696,0.724603988
1559,0.429809668,,0.495345768,0.658758645
1560,0.434506566,,0.702038341,0.713604727
1561,0.293158653,,0.727388594,0.403387256
1562,0.497477175,,0.70573173,0.428057928
1563,0.421289652,,0.724077585,0.494824856
1564,0.491023496,,0.70215359,0.422400672
1565,0.475864364,,0.623534479,0.405001049
1566,0.566412661,,0.709265827,0.538982079
1567,0.347207138,,0.748903238,0.799575976
1568,0.494511997,,0.679047039,0.531117889
1569,0.396405466,,0.787741542,0.451908555
1570,0.434097267,,0.567347062,0.427642501
1571,0.448307522,,0.626912186,0.436442573
1572,0.343251952,,0.444404575,0.599200891
1573,0.204805422,,0.489592048,0.656522859
1574,0.496844629,,0.50660534,0.577678822
1575,0.399176131,,0.635989134,0.698641838
1576,0.432430652,,0.800522331,0.500114943
1577,0.384532745,,0.696898618,0.502251489
1578,0.333710153,,0.745473868,0.421755529
1579,0.294768854,,0.719393344,0.418356698
1580,0.406036872,,0.687033846,0.381995832
1581,0.523310233,,0.67510149,0.50315503
1582,0.272590316,,0.651571401,0.398784527
1583,0.404855021,,0.786379289,0.419912361
1584,0.534975297,,0.77294756,0.470542886
1585,0.454165913,,0.686548936,0.294642122
1586,0.47653327,,0.640512772,0.195391739
1587,0.657305427,,0.567823793,0.369137828
1588,0.630531708,,0.564013537,0.47461801
1589,0.556924778,,0.488462481,0.407894064
1590,0.472012082,,0.593029843,0.645583686
1591,0.551856191,,0.616245061,0.331763627
1592,0.594609211,,0.474973158,0.291410024
1593,0.678398719,,0.373784846,0.329020834
1594,0.611483604,,0.512487796,0.226642359
1595,0.312805265,,0.578080197,0.440073587
1596,0.493483084,,0.348778433,0.605950209
1597,0.563160793,,0.418785928,0.537022053
1598,0.525498268,,0.380953867,0.545181919
1599,0.629052752,,0.543067519,0.505334217
1600,0.437463745,,0.562013166,0.492699119
1601,0.349940383,,0.462849558,0.453096707
1602,0.313261701,,0.527175401,0.482641358
1603,0.335570313,,0.57839841,0.581057822
1604,0.374079422,,0.480287085,0.546943891
1605,0.251616542,,0.414606689,0.558964146
1606,0.385739971,,0.517241018,0.610067719
1607,0.238812828,,0.522133258,0.562034617
1608,0.264422902,,0.450972411,0.484988895
1609,0.217742536,,0.467263884,0.445013782
1610,0.431718975,,0.462277316,0.539405166
1611,0.365891554,,0.629418945,0.389565112
1612,0.524488607,,0.49736414,0.348930727
1613,0.191033207,,0.543875665,0.479619655
1614,0.172128223,,0.534701394,0.492136619
1615,0.150337354,,0.454534543,0.555722771
1616,0.26233319,,0.653822234,0.760671817
1617,0.333838737,,0.517190485,0.749305131
1618,0.106898277,,0.572152581,0.657934513
1619,0.153221836,,0.586193093,0.601984112
1620,0.390708763,,0.529632458,0.473788687
1621,0.511423994,,0.401868535,0.447399874
1622,0.413575532,,0.39884067,0.527658119
1623,0.317838664,,0.583732096,0.496878164
1624,0.337639009,,0.383589056,0.600314911
1625,0.546935552,,0.45309205,0.387765095
1626,0.439448622,,0.572790619,0.425852272
1627,0.333879609,,0.432425634,0.473071625
1628,0.415218293,,0.46530509,0.567478074
1629,0.358121326,,0.556337613,0.613159468
1630,0.418084768,,0.527436008,0.648445721
1631,0.473283095,,0.6238641,0.69877742
1632,0.373164066,,0.596066827,0.676710044
1633,0.225906213,,0.542345872,0.666808887
1634,0.334518002,,0.694569587,0.725298666
1635,0.484970498,,0.760027007,0.561819286
1636,0.309504708,,0.646236168,0.445283754
1637,0.30789874,,0.681311203,0.480930623
1638,0.056309562,,0.538769763,0.747018704
1639,0.28769048,,0.423689194,0.811998211
1640,0.201598627,,0.634099924,0.9850023
1641,0.164061506,,0.675416274,0.784711475
1642,0.254151092,,0.481326799,0.732235824
1643,0.404442608,,0.633343988,0.60512046
1644,0.465322301,,0.649456921,0.495356205
1645,0.404543593,,0.553908649,0.263947364
1646,0.359269991,,0.5661151,0.259529327
1647,0.305649078,,0.640253794,0.234973639
1648,0.174956408,,0.511320124,0.201164917
1649,0.215183771,,0.515753877,0.224990691
1650,0.270210989,,0.540938921,0.427619776
1651,0.279142851,,0.630271747,0.366756672
1652,0.306873988,,0.389422736,0.499080756
1653,0.184132453,,0.464473202,0.571550305
1654,0.195618827,,0.456746308,0.600758171
1655,0.328872381,,0.67668502,0.769839059
1656,0.260141249,,0.547358707,0.664547908
1657,0.439968487,,0.529162063,0.625796013
1658,0.406673476,,0.436864975,0.540401563
1659,0.402379973,,0.522100897,0.387108632
1660,0.299255463,,0.493932277,0.395474042
1661,0.324023212,,0.420260518,0.393550018
1662,0.351422866,,0.520420787,0.341868455
1663,0.427583968,,0.251464861,0.395837467
1664,0.379215462,,0.352913591,0.436481214
1665,0.359130236,,0.504689653,0.569162425
1666,0.22966448,,0.517461237,0.61167964
1667,0.232328566,,0.223389941,0.633830425
1668,0.280475087,,0.304070656,0.598547833
1669,0.219132681,,0.144181801,0.512754211
1670,0.34135275,,0.209297498,0.364922355
1671,0.279931513,,0.363711813,0.420192717
1672,0.27526052,,0.527563874,0.36788014
1673,0.283494272,,0.505895419,0.36624626
1674,0.315400039,,0.399163477,0.214901865
1675,0.246387244,,0.512695526,0.294588502
1676,0.299135102,,0.585491511,0.334427608
1677,0.191298879,,0.661547967,0.463777482
1678,0.1941852,,0.815649302,0.502652788
1679,0.258401557,,0.516169154,0.672634324
1680,0.151241301,,0.742292478,0.61310372
1681,0.127383642,,0.52947041,0.547969566
1682,0.344559852,,0.520535262,0.585771961
1683,0.270865891,,0.377042876,0.436915366
1684,0.245643618,,0.547522883,0.452931932
1685,0.216345806,,0.51703446,0.386351653
1686,0.265451009,,0.607021793,0.467206867
1687,0.27104903,,0.781268922,0.484743434
1688,0.375188998,,0.682573908,0.478072248
1689,0.391342258,,0.664908505,0.451247241
1690,0.239717706,,0.659511856,0.329068071
1691,0.281177183,,0.655963438,0.322807376
1692,0.346231528,,0.373640267,0.331515273
1693,0.321024734,,0.660421484,0.457154809
1694,0.230090003,,0.605173234,0.35186451
1695,0.198789594,,0.59590458,0.46172511
1696,0.238266029,,0.488584652,0.458285511
1697,0.329765584,,0.681008272,0.430526749
1698,0.166668066,,0.675624036,0.309977884
1699,0.288102966,,0.712177739,0.309014766
1700,0.268155914,,0.628223255,0.300274867
1701,0.256074768,,0.677169709,0.305672449
1702,0.273163339,,0.625895364,0.279440751
1703,0.352372935,,0.645687537,0.298874106
1704,0.356922141,,0.504692334,0.267597273
1705,0.275526285,,0.631991547,0.213782823
1706,0.382682613,,0.528576472,0.277387954
1707,0.362539096,,0.75733188,0.433397975
1708,0.447997859,,0.68049298,0.395479659
1709,0.41467189,,0.745582272,0.33564206
1710,0.442003791,,0.674113207,0.253273228
1711,0.361150699,,0.784097332,0.299137866
1712,0.274508985,,0.634023392,0.504453741
1713,0.314772765,,0.582004982,0.484949914
1714,0.229434524,,0.581908009,0.458963592
1715,0.135603732,,0.692519134,0.523461285
1716,0.337466687,,0.646588197,0.557799058
1717,0.082795953,,0.501329711,0.650685932
1718,0.312355511,,0.343281634,0.705868034
1719,0.306743624,,0.642167632,0.778310687
1720,0.286610927,,0.282350377,0.844568139
1721,0.279043012,,0.387687926,0.582310744
1722,0.302489979,,0.40467206,0.517686746
1723,0.348038754,,0.254433218,0.395945558
1724,0.395411053,,0.359649247,0.371522388
1725,0.293005774,,0.450076641,0.391448708
1726,0.301172055,,0.28510597,0.426477243
1727,0.395796143,,0.383104308,0.333860087
1728,0.40528741,,0.441048207,0.363909106
1729,0.190132609,,0.282502404,0.36214007
1730,0.199080282,,0.448577113,0.325042736
1731,0.263465305,,0.339546072,0.33116853
1732,0.199920026,,0.575081984,0.349277044
1733,0.307715928,,0.367550651,0.498276796
1734,0.290165254,,0.390160482,0.452605616
1735,0.22082438,,0.405625549,0.361044008
1736,0.168963987,,0.263575484,0.368658567
1737,0.259773153,,0.2598051,0.334464291
1738,0.210920746,,0.369957309,0.299815266
1739,0.119785353,,0.343839733,0.227784892
1740,0.306667379,,0.129557499,0.214354259
1741,0.14639843,,0.43349981,0.239015314
1742,0.179612276,,0.450872718,0.258397007
1743,0.204682542,,0.515027259,0.270156566
1744,0.355593573,,0.241398144,0.675794247
1745,0.196351328,,0.209566217,0.495842871
1746,0.236127162,,0.351606139,0.614085393
1747,0.258449042,,0.319910112,0.712927072
1748,0.198544327,,0.292984417,0.525151338
1749,0.205878992,,0.371375996,0.706245162
1750,0.166618815,,0.372395043,0.667688682
1751,0.259440232,,0.295021855,0.625089846
1752,0.449360236,,0.319937378,0.563800504
1753,0.365943732,,0.258087847,0.185449559
1754,0.244055127,,0.375608928,0.193671301
1755,0.363813981,,0.487539102,0.200174478
1756,0.431579501,,0.554567417,0.157747907
1757,0.402506648,,0.409915565,0.110540128
1758,0.320275088,,0.496707161,0.566722883
1759,0.31984581,,0.425638359,0.428054183
1760,0.298102469,,0.639814152,0.491643059
1761,0,,0.649564636,0.654827188
1762,0.287900905,,0.767127294,0.500287974
1763,0.503684711,,0.699868281,0.300036215
1764,0.419740058,,0.77721302,0.150709976
1765,0.328127559,,0.800206724,0.161117714
1766,0.336757209,,0.679221936,0.232854625
1767,0.358954923,,0.760719679,0.407461784
1768,0.388285593,,0.622741352,0.58593197
1769,0.274616073,,0.469347445,0.563200981
1770,0.36494215,,0.608580073,0.511487586
1771,0.288041619,,0.596807481,0.533337163
1772,0.497324724,,0.799551324,0.484501889
1773,0.410877707,,0.637577936,0.43997988
1774,0.250738888,,0.758211083,0.459545583
1775,0.29738874,,0.575646091,0.437433353
1776,0.3798964,,0.44357085,0.534699709
1777,0.300564735,,0.413335042,0.571065682
1778,0.187779098,,0.278168661,0.566695902
1779,0.213571875,,0.380286704,0.641956672
1780,0.538759585,,0.392880978,0.660261794
1781,0.532205261,,0.680418483,0.687937913
1782,0.351824083,,0.611832111,0.803425385
1783,0.395883058,,0.688605306,0.715418617
1784,0.568269807,,0.766737992,0.784456822
1785,0.562076207,,0.457909971,0.538500775
1786,0.634182395,,0.614732287,0.346764732
1787,0.801692467,,0.566680308,0.496965318
1788,0.645626161,,0.500352498,0.68534832
1789,0.58904638,,0.50283823,0.652626978
1790,0.713118518,,0.575222022,0.517827349
1791,0.532783324,,0.547249004,0.625766905
1792,0.72582364,,0.375623045,0.607324244
1793,0.630346139,,0.435934325,0.528972406
1794,0.539245105,,0.483689694,0.383782316
1795,0.567083122,,0.499858754,0.352087076
1796,0.663155314,,0.648557487,0.414249572
1797,0.789419233,,0.553232388,0.360012971
1798,0.692968762,,0.613677806,0.314112586
1799,0.669007123,,0.812237225,0.340037457
1800,0.642460465,,0.823273613,0.391399173
1801,0.749914413,,0.62334056,0.638129647
1802,0.585440336,,0.714818719,0.728238747
1803,0.709077936,,0.661666102,0.644182415
1804,0.607715078,,0.622307665,0.525018565
1805,0.696627233,,0.716293483,0.483853341
1806,0.730115362,,0.562029782,0.49046129
1807,0.58813213,,0.730773277,0.463536107
1808,0.669036797,,0.585072731,0.595313437
1809,0.774372477,,0.579844449,0.368891516
1810,0.793020752,,0.440428305,0.374759508
1811,0.748724039,,0.533033219,0.563155872
1812,0.652000834,,0.496906911,0.515143623
1813,0.568175707,,0.563453456,0.492936579
1814,0.578170271,,0.431250364,0.584759478
1815,0.551554088,,0.440780721,0.51870791
1816,0.679582921,,0.623166646,0.426466349
1817,0.682183137,,0.455562493,0.425477101
1818,0.458575132,,0.692889761,0.480908239
1819,0.257627319,,0.443073818,0.407378971
1820,0.383031096,,0.437586439,0.55454747
1821,0.337218127,,0.427316557,0.446774222
1822,0.369629673,,0.434904939,0.459986118
1823,0.547696605,,0.386786821,0.556925477
1824,0.254811705,,0.585133012,0.770135672
1825,0.165428992,,0.359580872,0.835070495
1826,0.297124786,,0.431457342,0.811819988
1827,0.449759765,,0.400751231,0.798313862
1828,0.482147836,,0.583659068,0.657103062
1829,0.450629761,,0.648212212,0.532083475
1830,0.413972121,,0.433177169,0.521434447
1831,0.471994608,,0.42342977,0.460543086
1832,0.395391028,,0.477068524,0.443140739
1833,0.359665656,,0.390777492,0.64877791
1834,0.179824512,,0.229536164,0.583847767
1835,0.594337876,,0.367940774,0.807383567
1836,0.624876069,,0.512901434,0.878461121
1837,0.627798381,,0.344921663,0.727151366
1838,0.612632047,,0.303721029,0.629680573
1839,0.627991821,,0.259478295,0.565957563
1840,0.591380993,,0.369448062,0.543727539
1841,0.627748115,,0.236959048,0.640379902
1842,0.562612043,,0.220841348,0.78120549
1843,0.464983897,,0.098275432,0.704324713
1844,0.561694842,,0.296734987,0.626988421
1845,0.547052188,,0,0.443028137
1846,0.441270058,,0.096235377,0.472877146
1847,0.68493471,,0.178161225,0.505360686
1848,0.732187864,,0.011303105,0.33323154
1849,0.545776052,,0.227056752,0.324267884
1850,0.543164097,,0.202513775,0.368408425
1851,0.409936408,,0.090308368,0.525720051
1852,0.505883182,,0.058498504,0.431816694
1853,0.532789986,,0.242591731,0.4855285
1854,0.406022583,,0.214256118,0.408994552
1855,0.42745465,,0.339791531,0.419361011
1856,0.47955706,,0.501937436,0.501765249
1857,0.636705128,,0.417566852,0.618600202
1858,0.692326458,,0.515674695,0.665539539
1859,0.853866633,,0.606008959,0.661769368
1860,0.525506503,,0.598284682,0.64073056
1861,0.624336278,,0.600081745,0.504147852
1862,0.624539881,,0.53642529,0.459395362
1863,0.48613801,,0.515817995,0.527779062
1864,0.680501517,,0.328345465,0.356245524
1865,0.550979119,,0.564702764,0.254355161
1866,0.452298866,,0.547590291,0.234477015
1867,0.302518189,,0.479387081,0.20747804
1868,0.443809751,,0.501490846,0.309317506
1869,0.634036015,,0.589766934,0.325685581
1870,0.431801584,,0.556658109,0.48716604
1871,0.527515067,,0.589624574,0.505554059
1872,0.744204994,,0.630059466,0.426222676
1873,0.71645507,,0.655819499,0.351099105
1874,0.739287299,,0.686368559,0.311323492
1875,0.684105187,,0.640806024,0.187206084
1876,0.669884791,,0.579557898,0.14500259
1877,0.605835966,,0.60404594,0.191452623
1878,0.671354745,,0.632668109,0.211439711
1879,0.706056686,,0.545862564,0.151409335
1880,0.686155165,,0.462351881,0.121832427
1881,0.750343007,,0.681777098,0.279373684
1882,0.783604605,,0.526217474,0.382604633
1883,0.71261309,,0.550006363,0.531403948
1884,0.763706943,,0.65765867,0.526238208
1885,0.675776477,,0.625890388,0.45701778
1886,0.671120173,,0.715354288,0.483562261
1887,0.568472471,,0.735319843,0.337119165
1888,0.583071513,,0.769468344,0.313121892
1889,0.734414606,,0.538106958,0.497479559
1890,0.716745819,,0.442224229,0.687722837
1891,0.509359083,,0.444586103,0.459318761
1892,0.500239261,,0.450309886,0.311193782
1893,0.572876041,,0.521884553,0.350352509
1894,0.658787111,,0.489674233,0.328981002
1895,0.72221811,,0.478198327,0.317926759
1896,0.502772881,,0.419118699,0.408696152
1897,0.710753644,,0.455730937,0.439905237
1898,0.622528276,,0.440733503,0.315497686
1899,0.671217982,,0.379829576,0.398146704
1900,0.549547434,,0.275462593,0.414466776
1901,0.532953887,,0.161058897,0.433246392
1902,0.543340341,,0.353957695,0.517196505
1903,0.438335293,,0.543662507,0.538172245
1904,0.329126554,,0.474611982,0.448823529
1905,0.361746291,,0.448970863,0.454720459
1906,0.591671223,,0.160823234,0.482580844
1907,0.678585643,,0.315777726,0.626488563
1908,0.54388089,,0.438169885,0.598084317
1909,0.718983843,,0.393216999,0.516149978
1910,0.66366946,,0.339270129,0.487525124
1911,0.447809443,,0.391657184,0.536206602
1912,0.57803453,,0.376358244,0.56042193
1913,0.364155169,,0.433994618,0.629085731
1914,0.420551056,,0.278302611,0.469883359
1915,0.376579931,,0.588195694,0.42042856
1916,0.538822602,,0.553843466,0.374150877
1917,0.453064904,,0.543503264,0.328805758
1918,0.409335887,,0.574526325,0.351199621
1919,0.510729617,,0.437633528,0.323332512
1920,0.529942027,,0.542708364,0.32073628
1921,0.502431912,,0.555760889,0.233679183
1922,0.506250149,,0.478821442,0.409296781
1923,0.398590864,,0.472263758,0.413021928
1924,0.486757485,,0.458524698,0.424771274
1925,0.349966698,,0.55281451,0.468734784
1926,0.390181602,,0.587181123,0.520034198
1927,0.528190693,,0.53349659,0.488750895
1928,0.413784327,,0.527287592,0.543932572
1929,0.49841493,,0.460107819,0.470323895
1930,0.466176704,,0.484753997,0.436071318
1931,0.611288772,,0.567392781,0.365325612
1932,0.592633764,,0.499040591,0.288622037
1933,0.412980892,,0.358690138,0.315526538
1934,0.412980892,,0.358690138,0.315526538
1935,0.412980892,,0.358690138,0.315526538
1936,0.412980892,,0.358690138,0.315526538
1937,0.412980892,,0.358690138,0.315526538
1938,0.412980892,,0.358690138,0.315526538
1939,0.412980892,,0.358690138,0.315526538
1940,0.412980892,,0.358690138,0.315526538
1941,0.412980892,,0.358690138,0.315526538
1942,0.412980892,,0.358690138,0.315526538
1943,0.412980892,,0.358690138,0.315526538
1944,0.412980892,,0.358690138,0.315526538
1945,0.412980892,,0.358690138,0.315526538
1946,0.412980892,,0.358690138,0.315526538
1947,0.412980892,,0.358690138,0.315526538
1948,0.412980892,,0.358690138,0.315526538
1949,0.412980892,,0.358690138,0.315526538
1950,0.412980892,,0.358690138,0.315526538
1951,0.412980892,,0.358690138,0.315526538
1952,0.412980892,,0.358690138,0.315526538
1953,0.412980892,,0.358690138,0.315526538
1954,0.412980892,,0.358690138,0.315526538
1955,0.412980892,,0.358690138,0.315526538
1956,0.412980892,,0.358690138,0.315526538
1957,0.412980892,,0.358690138,0.315526538
1958,0.412980892,,0.358690138,0.315526538
1959,0.412980892,,0.358690138,0.315526538
1960,0.412980892,,0.358690138,0.315526538
1961,0.412980892,,0.358690138,0.315526538
1962,0.412980892,,0.358690138,0.315526538
1963,0.412980892,,0.358690138,0.315526538
1964,0.412980892,,0.358690138,0.315526538
1965,0.412980892,,0.358690138,0.315526538
1966,0.412980892,,0.358690138,0.315526538
1967,0.412980892,,0.358690138,0.315526538
